3comvax, telehack!veritas!excelan!3comvax
aaahq01, telehack!janus!uunet!aaahq01
aablue, telehack!janus!uunet!aablue
aardvark, telehack!lscpdx!nosun!reed!aardvark
abekas, telehack!oracle!pyramid!abekas
abhg, telehack!oracle!pacbell!abhg
abode, telehack!janus!uunet!ke6cd!abode
absolut, telehack!oracle!sequent!unify!absolut
abstl, telehack!janus!uunet!wucs1!abstl
abtcser, telehack!oddjob!clout!ddsw1!abtcser
abvax, telehack!janus!uunet!abvax
acad, telehack!veritas!hoptoad!acad
acheron, telehack!janus!uunet!etg!acheron
acich, telehack!oddjob!gargoyle!acich
acsm, telehack!janus!uunet!dasys1!acsm
actisb, telehack!oracle!pyramid!actisb
ada3, telehack!janus!uunet!bcstec!ada3
adaptex, telehack!adaptex
adelie, telehack!janus!uunet!ora!adelie
adobe, telehack!oracle!decwrl!adobe
adsi, telehack!oddjob!rutgers!homecare!adsi
aetech, telehack!janus!uunet!serene!aetech
agora, telehack!oracle!sequent!techbook!agora
aicchi, telehack!oddjob!homebru!aicchi
aim1, telehack!janus!uunet!shannon!olsa99!aim1
aimed, telehack!janus!uunet!mnetor!aimed
aimt, telehack!oracle!sequent!aimt
ajfcal, telehack!oracle!apple!blender!ajfcal
akix, telehack!janus!uunet!serene!akix
alantec, telehack!oracle!pyramid!alantec
alberta, telehack!oracle!decwrl!alberta
alchemy, telehack!mimsy!ames!ucsd!ucrmath!alchemy
alembic, telehack!janus!uunet!alembic
aleph, telehack!veritas!amdahl!aleph
alfalfa, telehack!janus!uunet!alfalfa
alias, telehack!emds!sgi!alias
allegra, telehack!oracle!decwrl!allegra
alliant, telehack!emds!sgi!alliant
aloha1, telehack!rdlvax!randvax!vortex!islenet!aloha1
alpha, telehack!mimsy!ames!pur-ee!alpha
alps, telehack!oddjob!rutgers!alps
althea, telehack!oracle!anvil!att!althea
altitude, telehack!janus!uunet!iros1!altitude
alzabo, telehack!oddjob!rutgers!cdspr!alzabo
amara, telehack!janus!uunet!amara
amc, telehack!adaptex!fnx!pilchuck!amc
amc-gw, telehack!janus!uunet!amc-gw
amcad, telehack!mimsy!ames!husc6!amcad
amd, telehack!veritas!amd
amdahl, telehack!veritas!amdahl
amdcad, telehack!oracle!hplabs!amdcad
ameritec, telehack!janus!uunet!jarthur!ameritec
ames, telehack!mimsy!ames
amgraf, telehack!adaptex!amgraf
amiserv, telehack!oddjob!clout!miroc!amiserv
amix, telehack!oddjob!rutgers!cbmvax!amix
amperif, telehack!oracle!anvil!att!amperif
ampex, telehack!veritas!amdahl!ampex
amtfocus, telehack!oddjob!clout!mcdchg!amtfocus
anacom1, telehack!janus!uunet!whitney!anacom1
anagld, telehack!mimsy!anagld
analogy, telehack!lscpdx!nosun!analogy
anasaz, telehack!oracle!pyramid!anasaz
andromeda, telehack!oddjob!rutgers!andromeda
anet, telehack!oracle!apple!m-net!anet
anomaly, telehack!janus!uunet!anomaly
antares, telehack!oracle!pacbell!sactoh0!antares
antiem, telehack!janus!uunet!uvm-gen!antiem
anvil, telehack!oracle!anvil
anwar, telehack!oddjob!rutgers!princeton!anwar
apci-sc, telehack!veritas!oliveb!sci!apci-sc
apcichi, telehack!oddjob!nucsrl!apcichi
apcihq, telehack!oracle!anvil!apollo!apcihq
apcimsp, telehack!oddjob!nucsrl!apcichi!apcimsp
apcisea, telehack!adaptex!fnx!pilchuck!apcisea
apctrc, telehack!janus!uunet!apctrc
apex, telehack!janus!uunet!apex
apexepa, telehack!janus!uunet!apexepa
apin, telehack!janus!uunet!ncc!apin
apl-em, telehack!mimsy!ames!uw-beaver!slug!apl-em
aplcen, telehack!mimsy!aplcen
apollo, telehack!oracle!anvil!apollo
apple, telehack!oracle!apple
applicon, telehack!veritas!amd!ima!applicon
applix, telehack!janus!uunet!applix
aps, telehack!mimsy!ames!sharkey!aps
apt, telehack!veritas!hoptoad!daver!apt
arc, telehack!veritas!amd!arc
arcbsys, telehack!janus!uunet!rancho!arcbsys
arclev, telehack!adaptex!fnx!alphacm!arclev
arcturus, telehack!adaptex!letni!zardoz!arcturus
ardent, telehack!veritas!ardent
argon, telehack!oddjob!rutgers!argon
argosy, telehack!oracle!decwrl!argosy
arinc, telehack!mimsy!arinc
arizona, telehack!janus!uunet!arizona
ark, telehack!tandem!rtech!gonzo!ark
arnold, telehack!oracle!sequent!ccicpg!arnold
array, telehack!janus!uunet!dptcdc!dciem!array
artecon, telehack!oracle!hplabs!hp-sdd!artecon
ashtate, telehack!janus!hacgate!ashtate
asi, telehack!janus!uunet!asi
asiux1, telehack!oddjob!clout!obdient!asiux1
ast, telehack!oddjob!clout!smith!ast
astroatc, telehack!oracle!sequent!uwvax!astroatc
astrovax, telehack!oddjob!rutgers!princeton!astrovax
asuvax, telehack!janus!uunet!serene!telesys!asuvax
asylum, telehack!oracle!decwrl!asylum
atari, telehack!mimsy!ames!atari
atexnet, telehack!veritas!amd!ima!atexnet
atexrd, telehack!mimsy!ames!ll-xn!atexrd
atha, telehack!oracle!decwrl!atha
athertn, telehack!oracle!decwrl!athertn
atina, telehack!janus!uunet!atina
attain, telehack!tandem!netcomsv!attain
attcan, telehack!janus!uunet!attcan
atti07, telehack!oracle!anvil!att!atti07
attvcr, telehack!tandem!mips!chip!van-bc!attvcr
aubsch, telehack!oddjob!rutgers!dartvax!bates!aubsch
aucis, %no path to host
audfax, telehack!mimsy!widener!emory!audfax
auspex, telehack!janus!uunet!auspex
austral, telehack!oddjob!clout!austral
austsun, telehack!oddjob!sunloop!austsun
auxnj, telehack!oddjob!rutgers!princeton!auxnj
avalon, telehack!adaptex!fnx!polari!avalon
avatar, telehack!janus!hacgate!srhqla!avatar
avcocan, telehack!janus!uunet!stss!avcocan
avcoint, telehack!janus!hacgate!mbf!avcoint
avsd, telehack!oracle!hplabs!avsd
award, telehack!veritas!hoptoad!daver!award
axis, telehack!janus!uunet!icot34!inria!axis
b-tech, telehack!oracle!apple!m-net!b-tech
bacchus, telehack!oracle!pacbell!bakerst!bacchus
badile, telehack!veritas!hoptoad!sun!iis!badile
balkan, telehack!janus!uunet!chinacat!balkan
balr, telehack!janus!uunet!balr
balrog, telehack!oracle!hplabs!decvax!balrog
bambam, telehack!rdlvax!randvax!bambam
banana, telehack!oddjob!rutgers!banana
bang, telehack!janus!hacgate!gryphon!bang
baron, telehack!oracle!pyramid!ncr-sd!baron
bartal, telehack!oddjob!rutgers!crlabs!bartal
bartek1, telehack!janus!uunet!bartek1
basis, telehack!rdlvax!mtxinu!basis
batcomputer, telehack!oracle!pyramid!batcomputer
bbn, telehack!veritas!amd!ima!bbn
bc-cis, telehack!janus!uunet!dasys1!bc-cis
bcm, telehack!oddjob!rutgers!bcm
bcosi, telehack!janus!uunet!mnetor!bcosi
bcsaic, telehack!mimsy!ames!uw-beaver!bcsaic
bcsfse, telehack!janus!uunet!bcstec!bcsfse
bcsl, telehack!oracle!sequent!torsqnt!problem!bcsl
bdmrrr, telehack!oddjob!rutgers!bdmrrr
bdt, telehack!veritas!hoptoad!bdt
beartrk, telehack!mimsy!casemo!beartrk
beast, telehack!oracle!anvil!beast
beaudin, telehack!janus!uunet!dptcdc!becker!beaudin
beauty, telehack!janus!uunet!beauty
beeper, telehack!mimsy!wb3ffv!beeper
bei, telehack!emds!sgi!bei
bellcore, telehack!rdlvax!psivax!bellcore
benton, telehack!oracle!sequent!peregrine!benton
beowulf, telehack!adaptex!egsner!tao!beowulf
berner, telehack!janus!uunet!dptcdc!berner
bert, telehack!oracle!decwrl!ernie!bert
beyonet, telehack!mimsy!widener!beyonet
bgsuvax, telehack!mimsy!ames!pur-ee!alpha!bgsuvax
bigtex, telehack!janus!uunet!bigtex
bigtuna, telehack!janus!hacgate!pegasus!hyper!bigtuna
bilanc, telehack!oddjob!ncar!scicom!bilanc
bilver, telehack!veritas!hoptoad!peora!bilver
binky, telehack!tandem!rtech!binky
bionet, telehack!oracle!bionet
bit, telehack!oracle!decwrl!bit
blender, telehack!oracle!apple!blender
bles, telehack!janus!uunet!chinacat!holston!bles
blia, telehack!janus!uunet!blia
blinky, telehack!janus!uunet!blinky
bliss, telehack!janus!uunet!aaahq01!edus!bliss
blister, telehack!janus!uunet!stan!blister
blkhole, telehack!janus!uunet!rancho!blkhole
blnosz, telehack!oracle!pyramid!tub!blnosz
bloom-beacon, telehack!mimsy!ames!think!bloom-beacon
blunile, telehack!janus!uunet!mnetor!aimed!blunile
bnr-vpa, telehack!veritas!hoptoad!utzoo!bnr-vpa
bnrmtv, telehack!oracle!hplabs!bnrmtv
boake2, telehack!janus!uunet!pdn!boake2
bodedo, telehack!janus!uunet!bigtex!bodedo
bogart, telehack!veritas!ardent!phw5!bogart
bongo, telehack!janus!uunet!bigtex!helps!bongo
boo, telehack!tandem!netcomsv!boo
boop, telehack!oddjob!rutgers!crash!boop
bootstrap, telehack!oddjob!rutgers!princeton!bootstrap
borg, telehack!adaptex!fnx!rwing!borg
boulder, telehack!oracle!pyramid!boulder
bpa, telehack!oddjob!rutgers!bpa
brambo, telehack!janus!uunet!dptcdc!ncrcan!brambo
bridge2, telehack!janus!uunet!auspex!bridge2
brindle, telehack!mimsy!ames!ucsd!brindle
bronson, telehack!janus!uunet!m10!bronson
brspyr1, telehack!oddjob!rutgers!brspyr1
brunix, telehack!janus!uunet!brunix
bsu-cs, telehack!mimsy!ames!iuvax!bsu-cs
bthpyd, telehack!janus!uunet!parvenu!bthpyd
btni, telehack!janus!uunet!btni
btr, telehack!oracle!decwrl!btr
bu-cs, telehack!adaptex!sco!lpi!bu-cs
bu-tyng, telehack!tandem!mips!elrond!bu-tyng
bungia, telehack!veritas!amdahl!bungia
bunker, telehack!veritas!oliveb!bunker
bunny, telehack!janus!uunet!gtenmc!bunny
burdvax, telehack!oracle!sequent!vrdxhq!burdvax
buroco, telehack!janus!uunet!sobeco!ozrout!buroco
bytepb, telehack!janus!uunet!bytepb
bywater, telehack!janus!uunet!bywater
c3pe, telehack!janus!uunet!alembic!c3pe
ca1, telehack!janus!uunet!rancho!ca1
cacilj, telehack!janus!uunet!cacilj
cadnetix, telehack!oracle!pyramid!boulder!cadnetix
cadovax, telehack!janus!hacgate!cadovax
cadre, telehack!janus!uunet!aablue!cadre
cadreor, telehack!lscpdx!nosun!cadreor
cae780, telehack!veritas!excelan!cae780
caeco, telehack!veritas!oliveb!sci!caeco
caen, telehack!janus!uunet!caen
caladan, telehack!veritas!excelan!microsoft!caladan
caldwr, telehack!oracle!hplabs!cdp!caldwr
calmasd, telehack!janus!uunet!calmasd
camber, telehack!janus!uunet!pdn!jc3b23!camber
camco, telehack!janus!uunet!camco
camtwh, telehack!oracle!sequent!torsqnt!problem!camtwh
canada, telehack!oracle!decwrl!alberta!canada
canisius, telehack!mimsy!ames!canisius
canstar, telehack!veritas!hoptoad!utzoo!canstar
cantuar, telehack!janus!uunet!munnari!cantuar
capmkt, telehack!veritas!hoptoad!capmkt
capone, telehack!oracle!sequent!paomail!capone
casemo, telehack!mimsy!casemo
casper, telehack!lscpdx!nosun!bucket!casper
castle, telehack!rdlvax!ttidca!philabs!castle
cayman, telehack!janus!uunet!cayman
cbmtor, telehack!oddjob!rutgers!cbmvax!cbmtor
cbmvax, telehack!oddjob!rutgers!cbmvax
cca, telehack!mimsy!ames!think!cca
cccan, telehack!janus!uunet!sobeco!telly!cccan
cci632, telehack!mimsy!rayssd!cci632
ccicpg, telehack!oracle!sequent!ccicpg
ccnysci, telehack!janus!uunet!dasys1!ccnysci
cctb, telehack!veritas!excelan!microsoft!cctb
cdbhp1, telehack!mimsy!widener!emory!cdbhp1
cdin-1, telehack!janus!uunet!cdin-1
cdl, telehack!mimsy!ames!efceng!merlin!cdl
cdp, telehack!oracle!hplabs!cdp
cdscom, telehack!mimsy!wb3ffv!cdscom
cdspr, telehack!oddjob!rutgers!cdspr
cedm01, telehack!oracle!decwrl!alberta!cedm01
celerity, telehack!tandem!mips!chip!celerity
celia, telehack!rdlvax!randvax!celia
celit, telehack!oracle!decwrl!bit!celit
censor, telehack!janus!uunet!mnetor!censor
cepu, telehack!oddjob!ncar!cepu
cerl, telehack!janus!hacgate!uiucuxc!cerl
cfcl, telehack!veritas!hoptoad!cfcl
cfctech, telehack!mimsy!ames!sharkey!cfctech
cfg, telehack!oracle!ncube!cfg
cfisun, telehack!janus!uunet!epochsys!cfisun
cg-atla, telehack!veritas!amd!ima!cg-atla
cgh, telehack!oracle!pacbell!bakerst!cgh
chara, telehack!mimsy!widener!gatech!chara
cherniak, telehack!janus!uunet!sq!hybrid!cherniak
chinacat, telehack!janus!uunet!chinacat
chinet, telehack!oddjob!clout!chinet
chip, telehack!tandem!mips!chip
chips, telehack!veritas!amdahl!chips
chkpt, telehack!janus!uunet!chkpt
chp, telehack!janus!uunet!sq!chp
chuo, telehack!oddjob!rutgers!glinj!chuo
chvax, %no path to host
cichlid, telehack!tandem!netcomsv!cichlid
cinele, telehack!oracle!pyramid!cinele
cipric, telehack!janus!uunet!rosevax!cipric
cit-vax, telehack!janus!hacgate!engvax!cit-vax
citi, telehack!oracle!hplabs!citi
cjsa, telehack!adaptex!fnx!polari!cjsa
clif, telehack!oracle!apple!m-net!clif
clipper, telehack!oracle!pyramid!clipper
clmqt, telehack!mimsy!ames!sharkey!clmqt
cloud9, telehack!oracle!anvil!cloud9
clout, telehack!oddjob!clout
clsib21, telehack!adaptex!sco!lpi!clsib21
clunk, telehack!janus!uunet!mnetor!bcosi!clunk
cmcl2, telehack!mimsy!widener!cmcl2
cmkrnl, telehack!janus!uunet!cmkrnl
cms2, telehack!adaptex!letni!cms2
cmucspt, telehack!oracle!decwrl!allegra!cmucspt
cnseq1, telehack!janus!uunet!mnetor!cnseq1
cocktrice, telehack!janus!uunet!dmk3b1!cocktrice
cogent, telehack!oracle!pacbell!cogent
cognos, telehack!oddjob!rutgers!cdspr!alzabo!cognos
coherent, telehack!mimsy!ames!coherent
cohesive, telehack!tandem!netcomsv!cohesive
colnet, telehack!oracle!anvil!att!n8emr!colnet
colossus, telehack!adaptex!fnx!pilchuck!colossus
columbia, telehack!oddjob!rutgers!columbia
com50, telehack!janus!uunet!rosevax!com50
comback, telehack!janus!uunet!sobeco!comback
compus, telehack!janus!uunet!sobeco!telly!compus
comspec, telehack!adaptex!sco!scocan!comspec
comsto, telehack!veritas!oliveb!stratus!comsto
conexch, telehack!tandem!mips!chip!conexch
consci, telehack!mimsy!wb3ffv!foobar!consci
contact, telehack!janus!uunet!dptcdc!becker!contact
contek, telehack!tandem!mips!primerd!contek
convex, telehack!adaptex!ninja!convex
cookie, telehack!oracle!pyramid!abekas!cookie
cooper, telehack!janus!uunet!dasys1!cooper
coplex, telehack!janus!uunet!coplex
cornell, telehack!veritas!amd!ima!cornell
corpane, telehack!oddjob!rutgers!ukma!corpane
corton, telehack!janus!uunet!hp4at!corton
corum, telehack!janus!uunet!s5000!corum
cos, telehack!mimsy!hqda-ai!cos
cosi, telehack!janus!uunet!cosi
coxeng1, telehack!mimsy!rayssd!mirror!coxeng1
coyote, telehack!oddjob!ncar!noao!coyote
cp1, telehack!mimsy!cp1
cp2, telehack!mimsy!cp1!cp2
cp4, telehack!mimsy!wb3ffv!cp4
cpmx, telehack!mimsy!cp1!cpmx
cprmtn, telehack!lscpdx!nosun!cprmtn
cpro, telehack!oracle!pacbell!cpro
cpsolv, telehack!adaptex!amgraf!cpsolv
crackers, telehack!veritas!hoptoad!jjmhome!crackers
crash, telehack!oddjob!rutgers!crash
cray, telehack!janus!uunet!cray
crayamid, telehack!oracle!pyramid!crayamid
crdgw1, telehack!janus!uunet!crdgw1
crdos1, telehack!veritas!ardent!spdcc!crdos1
crpmks, telehack!rdlvax!ttidca!philabs!crpmks
crsfld, telehack!janus!uunet!virgin!crsfld
crucible, telehack!oracle!sequent!sequoia!crucible
crux, telehack!oddjob!rutgers!homecare!crux
cruzio, telehack!tandem!netcomsv!cruzio
cs-col, telehack!oracle!pyramid!ncr-sd!ncrats!cs-col
csccat, telehack!oracle!decwrl!csccat
csdev, telehack!janus!uunet!csdev
cshub, telehack!veritas!fugazi!wet!cshub
csi, telehack!veritas!amd!sono!csi
csibtfr, telehack!veritas!excelan!csibtfr
csn, telehack!oddjob!ncar!csn
csuchico, telehack!oracle!hplabs!csun!csuchico
csuf3b, telehack!oracle!hplabs!csun!csuf3b
csufres, telehack!rdlvax!psivax!csufres
csuh, telehack!oracle!hplabs!csun!csuh
csula-ps, telehack!oracle!hplabs!csun!csula-ps
csun, telehack!oracle!hplabs!csun
csusac, telehack!oracle!hplabs!csun!csusac
csustan, telehack!oracle!hplabs!csun!csustan
ctdi1, telehack!oddjob!rutgers!devon!ctdi1
cti, telehack!oracle!pyramid!cti
ctmsd2, telehack!veritas!amdahl!meadow!feline!ctmsd2
ctnews, telehack!oracle!pyramid!ctnews
ctsj, telehack!oracle!pacbell!ctsj
cucard, telehack!veritas!amd!ima!cucard
cucstud, telehack!mimsy!anagld!sundc!tfd!cucstud
cuok, telehack!janus!uunet!uecok!cuok
cutsys, telehack!oracle!sequent!orstcs!cutsys
cvedc, telehack!lscpdx!nosun!cvedc
cvl, telehack!mimsy!cvl
cwi, telehack!janus!uunet!cwi
cwjcc, telehack!rdlvax!psivax!siemens!cwjcc
cybvax0, telehack!janus!uunet!cybvax0
dacom1, telehack!janus!uunet!horong!dacom1
daisy, telehack!oracle!decwrl!daisy
daitc, telehack!janus!uunet!daitc
dale, telehack!oracle!decwrl!dale
dalsil, telehack!adaptex!utacfd!dalsil
dalsqnt, telehack!oracle!sequent!dalsqnt
danger, telehack!janus!uunet!danger
darth, telehack!janus!uunet!apexepa!darth
dartvax, telehack!oddjob!rutgers!dartvax
das13, telehack!oddjob!rutgers!prapc2!das13
dasys1, telehack!janus!uunet!dasys1
dataco, telehack!janus!uunet!mnetor!dataco
datacube, telehack!oracle!apple!datacube
daysinns, telehack!mimsy!widener!gatech!artsnet!daysinns
dayton, telehack!oddjob!rutgers!dayton
dayvb, telehack!veritas!hoptoad!lll-crg!isaac!dayvb
dazixca, telehack!emds!sgi!dazixca
dbi, telehack!janus!uunet!dbi
dbk, telehack!tandem!zorch!hico2!sonyd1!dbk
dcatla, telehack!janus!uunet!dcatla
dcdwest, telehack!mimsy!ames!ucsd!dcdwest
dcfcen, telehack!janus!uunet!atina!dcfcen
dcrlg5, telehack!mimsy!ames!lll-tis!dsac!dcrlg5
dcs, telehack!adaptex!ninja!pollux!dcs
dds, telehack!veritas!hoptoad!ankh!dds
ddsw1, telehack!oddjob!clout!ddsw1
decide, telehack!veritas!hoptoad!decide
decuac, telehack!mimsy!aplcen!decuac
decvax, telehack!oracle!hplabs!decvax
decwrl, telehack!oracle!decwrl
deincr, telehack!janus!uunet!mjbtn!deincr
delbr, telehack!oddjob!rutgers!crash!delbr
denwa, telehack!janus!hacgate!gryphon!denwa
depot, telehack!mimsy!widener!depot
desint, telehack!janus!uunet!desint
desktech, telehack!adaptex!amgraf!desktech
destroyer, telehack!mimsy!ames!sharkey!destroyer
dev, telehack!oracle!decwrl!dev
devcom, telehack!janus!uunet!devcom
develop, telehack!janus!uunet!atina!ecord!develop
dg-rtp, telehack!veritas!amdahl!dgcad!dg-rtp
dgcad, telehack!veritas!amdahl!dgcad
dgis, telehack!oracle!decwrl!dev!dgis
dhump, telehack!janus!uunet!spool!dhump
digi, telehack!janus!uunet!digi
digibd, telehack!janus!uunet!digibd
diogenes, telehack!janus!uunet!diogenes
discg1, telehack!oddjob!rutgers!bpa!discg1
discrs, telehack!mimsy!widener!gatech!discrs
disk, telehack!janus!uunet!mangen!disk
ditka, telehack!oracle!decwrl!ditka
dkstar, telehack!mimsy!widener!emory!galbp!dkstar
dkuug, telehack!janus!uunet!ukc!dkuug
dlag1, telehack!oracle!decwrl!dev!dlag1
dlb, telehack!veritas!amdahl!dlb
dlogics, telehack!janus!uunet!dlogics
dlscg1, telehack!mimsy!ames!lll-tis!dsac!dlscg1
dlscg2, telehack!mimsy!ames!lll-tis!dsac!dlscg2
dlscg3, telehack!mimsy!ames!lll-tis!dsacg1!dlscg3
dlss2, telehack!adaptex!sdf!dalnet!dlss2
dmk3b1, telehack!janus!uunet!dmk3b1
dmntor, telehack!adaptex!sco!scocan!dmntor
dms1, telehack!janus!uunet!shannon!olsa99!dms1
dms3b1, telehack!adaptex!letni!dms3b1
dmsd, telehack!janus!uunet!dmsd
dogcow, telehack!janus!uunet!dogcow
dorothy, telehack!oracle!pacbell!dorothy
doulos, telehack!adaptex!ninja!pollux!doulos
dpdvax, telehack!janus!uunet!jarthur!dpdvax
dpmizar, telehack!janus!uunet!dptcdc!dpmizar
dptcdc, telehack!janus!uunet!dptcdc
dptspd, telehack!janus!uunet!dptspd
dragon, telehack!mimsy!widener!emory!dragon
dragos, telehack!oracle!decwrl!alberta!dragos
drbear, telehack!oracle!decwrl!drbear
drd, telehack!janus!uunet!drd
drexel, telehack!rdlvax!psivax!siemens!drexel
drilex, telehack!adaptex!sco!lpi!drilex
dropte, telehack!oracle!sequent!mfgsrvr!dropte
druid, telehack!janus!uunet!sobeco!telly!druid
dsac, telehack!mimsy!ames!lll-tis!dsac
dsacg1, telehack!mimsy!ames!lll-tis!dsacg1
dsachg1, telehack!mimsy!ames!lll-tis!dsachg1
dsacng1, telehack!oracle!sequent!upba!eecae!dsacng1
dscatl, telehack!mimsy!widener!emory!dscatl
dscvax2, telehack!janus!uunet!vdelta!dscvax2
dse, telehack!oracle!hplabs!avsd!dse
dsinc, telehack!oracle!decwrl!dsinc
dspvax, telehack!oddjob!rutgers!dspvax
dsw, telehack!adaptex!sco!dsw
dticg1, telehack!oracle!decwrl!dev!dticg1
dtscp1, telehack!mimsy!widener!emory!dtscp1
dtseng, telehack!oracle!hplabs!decvax!dtseng
duboce, telehack!veritas!hoptoad!lamc!duboce
dukcds, telehack!veritas!hoptoad!snark!dukcds
duke, telehack!oddjob!rutgers!mcnc!duke
dukeac, telehack!veritas!hoptoad!snark!dukcds!dukeac
dumbcat, telehack!adaptex!fnx!dumbcat
dungeon, telehack!adaptex!letni!dungeon
dunike, telehack!oddjob!ncar!nbires!dunike
durin, telehack!janus!uunet!durin
dvinci, telehack!oracle!decwrl!alberta!dvinci
dvlmarv, telehack!janus!uunet!atina!tsgfred!dvlmarv
dwon, telehack!oracle!hplabs!citi!dwon
dybbuk, telehack!janus!uunet!mnetor!yunexus!dybbuk
dynasys, telehack!oddjob!rutgers!homecare!dynasys
dyndata, telehack!oracle!decwrl!fluke!dyndata
eakins, telehack!oracle!hplabs!analog2!eakins
earvax, telehack!veritas!ardent!spdcc!earvax
eastern, telehack!janus!uunet!dptcdc!moore!eastern
ecicrl, telehack!janus!uunet!dptcdc!lsuc!ecicrl
ecijmm, telehack!tandem!netcomsv!micromed!gate!ecijmm
eclectic, telehack!janus!uunet!dptcdc!lethe!eclectic
ecord, telehack!janus!uunet!atina!ecord
ecsgate, telehack!oddjob!rutgers!mcnc!ecsgate
ecsvax, telehack!oddjob!rutgers!mcnc!ecsvax
edinboro, telehack!oddjob!rutgers!psuvax1!pitt!edinboro
edm, telehack!oracle!decwrl!alberta!edm
ednor, telehack!janus!uunet!ednor
eds1, telehack!mimsy!wb3ffv!wa3wbu!eds1
edsews, telehack!janus!hacgate!edsews
edsi, telehack!janus!uunet!spool!cserver!edsi
edsr, telehack!janus!uunet!edsr
eecae, telehack!oracle!sequent!upba!eecae
eedsp, telehack!mimsy!widener!emory!eedsp
eeg, telehack!rdlvax!mtxinu!eeg
efccim, telehack!mimsy!ames!efccim
efceng, telehack!mimsy!ames!efceng
egg-id, telehack!janus!hacgate!uiucuxc!egg-id
egrunix, telehack!mimsy!ames!sharkey!umich!egrunix
egsner, telehack!adaptex!egsner
eiger, telehack!oracle!hplabs!ucbvax!eiger
elan, telehack!mimsy!ames!elan
elandes, telehack!veritas!oliveb!elandes
electro, telehack!janus!uunet!dptcdc!berner!electro
elektro, telehack!oracle!anvil!att!n8emr!elektro
elgar, telehack!mimsy!ames!ucsd!elgar
ellery, telehack!mimsy!ames!ellery
elrond, telehack!tandem!mips!elrond
elroy, telehack!janus!hacgate!elroy
elsie, telehack!mimsy!elsie
emcard, telehack!mimsy!widener!emory!emcard
emg, telehack!adaptex!sco!emg
emily, telehack!janus!uunet!uvm-gen!emily
emory, telehack!mimsy!widener!emory
emoryu1, telehack!mimsy!elsie!emoryu1
emunix, telehack!oracle!apple!m-net!emunix
encore, telehack!oracle!sequent!vrdxhq!encore
enea, telehack!janus!uunet!ukc!dkuug!enea
engvax, telehack!janus!hacgate!engvax
enky, telehack!lscpdx!nosun!bucket!enky
entire, telehack!janus!uunet!iwa!entire
enuucp, telehack!oracle!pyramid!anasaz!enuucp
epds01, telehack!oracle!decwrl!epds01
epiwrl, telehack!janus!uunet!epiwrl
eplunix, telehack!mimsy!ames!think!eplunix
epochsys, telehack!janus!uunet!epochsys
ericom, telehack!janus!uunet!telesoft!log-hb!ericom
ermhs, %no path to host
ernest, telehack!adaptex!letni!ernest
ernie, telehack!oracle!decwrl!ernie
errante, telehack!janus!uunet!atina!errante
esc-bb, telehack!oddjob!sunloop!austsun!esc-bb
esca, telehack!janus!uunet!esca
escargot, telehack!lscpdx!nosun!percy!escargot
eskimo, telehack!adaptex!fnx!rwing!eskimo
esosun, telehack!janus!uunet!seismo!esosun
esprit, telehack!adaptex!sco!lcc!esprit
esquire, telehack!janus!uunet!esquire
estad, telehack!janus!uunet!atina!ecord!estad
esther, telehack!janus!uunet!virginia!esther
esunix, telehack!oracle!decwrl!esunix
ethos, telehack!oracle!pacbell!bakerst!ethos
ethz, telehack!veritas!hoptoad!sun!iis!ethz
etrivax, telehack!janus!uunet!horong!etrivax
eurynome, telehack!mimsy!ames!sharkey!eurynome
exc, telehack!lscpdx!nosun!exc
excelan, telehack!veritas!excelan
execu, telehack!janus!uunet!execu
faatcrl, telehack!oddjob!rutgers!faatcrl
fai, telehack!veritas!amdahl!fai
fantasci, telehack!oddjob!rutgers!telcom!fantasci
farcomp, telehack!veritas!hoptoad!farcomp
farside, telehack!tandem!farside
fasfax, telehack!janus!uunet!fasfax
fdurt1, telehack!oddjob!rutgers!njin!fdurt1
fed, telehack!janus!uunet!fed
feith1, telehack!oracle!anvil!att!feith1
feline, telehack!veritas!amdahl!meadow!feline
felix, telehack!oracle!hplabs!felix
fernwood, telehack!oracle!decwrl!fernwood
fibers, telehack!mimsy!wb3ffv!tcsc3b2!fibers
ficc, telehack!janus!uunet!ficc
fico, telehack!oracle!apple!fico
firefly, telehack!lscpdx!nosun!percy!firefly
fishnet, telehack!mimsy!widener!emory!fishnet
fiver, telehack!tandem!zorch!indetech!fiver
fix, telehack!oracle!sequent!cascorp!fix
flkvax, telehack!janus!uunet!flkvax
fluke, telehack!oracle!decwrl!fluke
flying, telehack!janus!uunet!dogcow!flying
fmeed1, telehack!mimsy!ames!sharkey!fmeed1
fmsrl5, telehack!oracle!pyramid!teemc!fmsrl5
fmsrl7, telehack!oracle!pyramid!fmsrl7
fmsrlx, telehack!mimsy!ames!sharkey!fmsrlx
fmsystm, telehack!janus!uunet!aablue!fmsystm
fnx, telehack!adaptex!fnx
foobar, telehack!mimsy!wb3ffv!foobar
force, telehack!tandem!mips!force
formtek, telehack!janus!uunet!apexepa!formtek
fortune, telehack!oracle!hplabs!fortune
foxpv2, telehack!veritas!hoptoad!daver!foxpv2
foxtail, telehack!mimsy!ames!ucsd!foxtail
fpssun, telehack!lscpdx!nosun!fpssun
frackit, telehack!oracle!anvil!uupsi!shadow!frackit
frame, telehack!oracle!hplabs!frame
franz, telehack!oracle!sequent!franz
frcs, telehack!janus!uunet!nuustak!frcs
frith, telehack!janus!uunet!frith
frmug, telehack!mimsy!nmrdc1!frmug
frye, telehack!lscpdx!nosun!percy!frye
fryepro, telehack!lscpdx!nosun!percy!fryepro
fsg, telehack!janus!uunet!pwcmrd!fsg
fub, telehack!oracle!pyramid!tub!unido!fub
fulano, telehack!janus!uunet!atina!fulano
futures, telehack!janus!uunet!futures
g73, telehack!mimsy!rayssd!mirror!g73
gab100, telehack!oracle!pyramid!ncr-sd!isg100!gab100
gacc, telehack!mimsy!widener!emory!gacc
gagme, telehack!oddjob!clout!gagme
galaxia, telehack!mimsy!rayssd!galaxia
galaxy, telehack!oddjob!rutgers!galaxy
galbp, telehack!mimsy!widener!emory!galbp
gallium, telehack!janus!uunet!ccsnew!gallium
ganglion, telehack!mimsy!ames!sharkey!ganglion
garam, telehack!janus!uunet!garam
garfield, %no path to host
gargoyle, telehack!oddjob!gargoyle
garth, telehack!oracle!pyramid!garth
gate, telehack!tandem!netcomsv!micromed!gate
gatech, telehack!mimsy!widener!gatech
gdfwc3, telehack!janus!uunet!gdfwc3
gedphx, telehack!janus!uunet!88opensi!mcdphx!gedphx
gemini, telehack!veritas!hoptoad!portal!gemini
genco, telehack!veritas!hoptoad!daver!genco
genesis, telehack!oddjob!nucsrl!genesis
genisco, telehack!adaptex!letni!zardoz!genisco
genrad, telehack!oddjob!rutgers!mit-eddie!genrad
genuke, telehack!veritas!amdahl!genuke
geopaz, telehack!oracle!sequent!uwvax!geowhiz!geopaz
geops, telehack!janus!uunet!unrvax!geops
geowhiz, telehack!oracle!sequent!uwvax!geowhiz
ghsvax, telehack!janus!uunet!ghsvax
giga, telehack!mimsy!widener!gvls1!giga
ginosko, telehack!janus!uunet!ginosko
givc, telehack!oracle!decwrl!givc
gladys, telehack!oracle!pacbell!gladys
glc, telehack!janus!uunet!glc
glinj, telehack!oddjob!rutgers!glinj
gmeeca, telehack!mimsy!ames!lll-tis!gmeeca
gna, telehack!mimsy!nmrdc1!frmug!gna
golem, telehack!tandem!netcomsv!golem
gonzo, telehack!tandem!rtech!gonzo
gordius, telehack!janus!uunet!whitney!gordius
gould9, telehack!mimsy!ames!ucsd!gould9
gozer, telehack!janus!uunet!stephsf!gozer
grayhawk, telehack!janus!uunet!cedsm!grayhawk
grebyn, telehack!mimsy!hqda-ai!grebyn
grex, telehack!mimsy!ames!sharkey!ganglion!grex
grian, telehack!janus!hacgate!elroy!grian
griffin, telehack!rdlvax!randvax!hermix!griffin
grinch, telehack!tandem!mips!grinch
gryphon, telehack!janus!hacgate!gryphon
gsg, telehack!veritas!oliveb!gsg
gssc, telehack!oracle!sequent!gssc
gsy1, telehack!janus!uunet!mjbtn!gsy1
gt-cmmsr, telehack!mimsy!widener!gatech!gt-cmmsr
gt-eedsp, telehack!mimsy!widener!emory!gt-eedsp
gtenmc, telehack!janus!uunet!gtenmc
gtephx, telehack!oracle!anvil!att!gtephx
gtisqr, telehack!adaptex!fnx!polari!gtisqr
gtx, telehack!janus!uunet!syntllct!gtx
gumby, telehack!oddjob!rutgers!mailrus!gumby
gungnir, telehack!oracle!sequent!orstcs!gungnir
guti, telehack!janus!uunet!atina!secyt!guti
guug, telehack!oracle!pyramid!pcsbst!guug
gvls1, telehack!mimsy!widener!gvls1
gvlv2, telehack!oddjob!rutgers!faatcrl!gvlv2
gw3com, telehack!veritas!oliveb!gw3com
gwinnett, telehack!mimsy!widener!emory!gwinnett
gwusun, telehack!janus!uunet!gwusun
haapi, telehack!janus!uunet!csinc!haapi
haberfellner, telehack!oddjob!rutgers!cbmvax!cbmtor!haberfellner
hacgate, telehack!janus!hacgate
hackbox, telehack!janus!uunet!bigtex!hackbox
hadron, telehack!janus!uunet!hadron
hal6000, telehack!adaptex!cpe!hal6000
halcyon, telehack!adaptex!fnx!polari!halcyon
halfdome, telehack!tandem!netcomsv!clio!halfdome
hall, telehack!oddjob!rutgers!umn-cs!hall
halla, telehack!janus!uunet!horong!halla
halley, telehack!tandem!rtech!halley
happym, telehack!adaptex!fnx!rwing!happym
harker, telehack!janus!uunet!harker
harper, telehack!janus!uunet!harper
harry, telehack!mimsy!widener!depot!harry
harvard, telehack!oracle!anvil!harvard
harvax, telehack!oracle!hplabs!harvax
hbiso, telehack!janus!uunet!hbiso
hc, telehack!mimsy!ames!hc
hcfeams, telehack!oddjob!clout!ddsw1!hcfeams
hcr, telehack!veritas!amd!ima!hcr
hcx1, telehack!janus!uunet!hcx1
heifetz, telehack!mimsy!widener!heifetz
helps, telehack!janus!uunet!bigtex!helps
herman, telehack!janus!uunet!rosevax!elric!herman
hermesa, telehack!adaptex!fnx!hermesa
hermix, telehack!rdlvax!randvax!hermix
hern, telehack!janus!uunet!virgin!hern
hernix, %no path to host
heurikon, telehack!oracle!sequent!uwvax!heurikon
hhb, telehack!janus!uunet!hhb
hico2, telehack!tandem!zorch!hico2
hippo, telehack!oracle!pyramid!hippo
hitachi, telehack!oracle!decwrl!hitachi
hjuxa, telehack!oddjob!rutgers!hjuxa
hlborl, telehack!janus!uunet!cdin-1!ki4pv!hlborl
hodge, telehack!janus!uunet!hodge
holos0, telehack!janus!uunet!dcatla!holos0
holston, telehack!janus!uunet!chinacat!holston
homecare, telehack!oddjob!rutgers!homecare
homer, telehack!oddjob!clout!obdient!homer
homero, telehack!janus!uunet!atina!homero
homey, telehack!adaptex!letni!homey
hoptoad, telehack!veritas!hoptoad
horong, telehack!janus!uunet!horong
hotlips, telehack!mimsy!ames!sharkey!hotlips
hourglas, telehack!janus!uunet!tronsbox!hourglas
hp-col, telehack!oracle!hplabs!hpiag0!hp-col
hp-lsd, telehack!oracle!hplabs!hp-lsd
hp-pcd, telehack!oracle!hplabs!hp-pcd
hp-sdd, telehack!oracle!hplabs!hp-sdd
hp1, telehack!oddjob!clout!trinity!hp1
hp4at, telehack!janus!uunet!hp4at
hpcea, telehack!oracle!hplabs!hpcea
hpda, telehack!veritas!procase!hpda
hpfcla, telehack!oracle!hplabs!hpfcla
hpiag0, telehack!oracle!hplabs!hpiag0
hpiagoa, telehack!oracle!hplabs!hpiagoa
hplabs, telehack!oracle!hplabs
hplabsy, telehack!oracle!hplabs!hplabsy
hplsla, telehack!oracle!hplabs!hp-pcd!hplsla
hpubvwa, telehack!adaptex!fnx!pilchuck!hpubvwa
hpupora, telehack!oracle!sequent!hpupora
hpuslma, telehack!veritas!hoptoad!plus5!hpuslma
hqda-ai, telehack!mimsy!hqda-ai
hrc, telehack!adaptex!letni!zardoz!hrc
hrshcx, telehack!janus!uunet!hcx1!hrshcx
hscfvax, telehack!mimsy!ames!husc6!hscfvax
hsi, telehack!janus!uunet!hsi
hslrswi, telehack!oracle!ncube!intelhf!imuse!hslrswi
hubinf, telehack!oracle!pyramid!tub!hubinf
huji, telehack!oddjob!rutgers!banana!huji
humu, telehack!janus!hacgate!pegasus!humu
humus, telehack!oddjob!rutgers!banana!humus
humvax, telehack!janus!uunet!mnetor!humvax
huron, telehack!mimsy!ames!sharkey!huron
husc6, telehack!mimsy!ames!husc6
hutch, telehack!oddjob!rutgers!devon!hutch
hybrid, telehack!janus!uunet!sq!hybrid
i2unix, telehack!janus!uunet!hp4at!i2unix
ibism, telehack!janus!uunet!ibism
ibmcan, telehack!oddjob!rutgers!mcnc!ibmcan
ibmorl, telehack!janus!uunet!aaahq01!ibmorl
icc, telehack!oracle!pyramid!uccba!icc
icdi10, telehack!janus!uunet!cdin-1!icdi10
ice, telehack!oracle!pyramid!aeras!ice
ichips, telehack!janus!uunet!pzbaum!ichips
icldata, telehack!oracle!decwrl!vsi1!icldata
ico, telehack!oddjob!ncar!ico
icus, telehack!mimsy!rayssd!icus
iczer-1, telehack!janus!uunet!iczer-1
idacom, telehack!janus!uunet!ncc!idacom
idc, telehack!janus!uunet!sq!idc
ide, telehack!oracle!decwrl!ide
idgeast, telehack!janus!uunet!virgin!idgeast
idis, telehack!oddjob!rutgers!psuvax1!idis
iex, telehack!janus!uunet!iex
igloo, telehack!oddjob!gargoyle!igloo
igor, telehack!veritas!amd!igor
ihf1, telehack!oracle!ncube!intelhf!ihf1
iis, telehack!veritas!hoptoad!sun!iis
iisat, telehack!janus!uunet!tegra!ulowell!iisat
iitmax, telehack!oddjob!nucsrl!iitmax
ileaf, telehack!veritas!amd!ima!ileaf
illian, telehack!lscpdx!nosun!illian
imag, telehack!janus!uunet!icot34!inria!imag
imagen, telehack!oracle!decwrl!imagen
imax, telehack!emds!sgi!alias!imax
imp, telehack!janus!uunet!imp
impch, telehack!janus!uunet!ukc!cernvax!impch
implode, telehack!lscpdx!nosun!bucket!parsely!implode
ims, telehack!lscpdx!nosun!ims
incom, %no path to host
incstar, telehack!oddjob!rutgers!umn-cs!incstar
indep1, telehack!oddjob!clout!indep1
indetech, telehack!tandem!zorch!indetech
indigo, telehack!mimsy!widener!emory!indigo
indogtw, telehack!janus!uunet!indogtw
indri, telehack!mimsy!ames!indri
inesc, telehack!janus!uunet!hp4at!inesc
infbs, telehack!oracle!pyramid!tub!unido!infbs
infinet, telehack!oracle!hplabs!decvax!infinet
infmx, telehack!oracle!hplabs!infmx
infopro, telehack!veritas!hoptoad!infopro
infor, telehack!janus!uunet!atina!ecord!infor
infoserv, telehack!janus!uunet!infoserv
infoswx, telehack!oracle!anvil!att!infoswx
ingres, telehack!veritas!hoptoad!ingres
inland, telehack!janus!uunet!inland
inmet, telehack!janus!uunet!inmet
inria, telehack!janus!uunet!icot34!inria
insyte, telehack!adaptex!sco!lpi!insyte
intacc, telehack!janus!uunet!mnetor!intacc
intek01, telehack!janus!uunet!intek01
intelca, telehack!janus!hacgate!intelca
intelhf, telehack!oracle!ncube!intelhf
interex, telehack!veritas!hoptoad!daver!interex
interlan, telehack!veritas!amd!ima!interlan
intermec, telehack!adaptex!fnx!pilchuck!intermec
intersil, telehack!lscpdx!cadence!intersil
inthap, telehack!oracle!hplabs!intsc!inthap
introl, telehack!janus!uunet!spool!introl
intsc, telehack!oracle!hplabs!intsc
inttech, telehack!janus!uunet!inttech
iog, telehack!janus!uunet!dasys1!marob!iog
ipars, telehack!oddjob!rutgers!crash!ipars
ipc, telehack!adaptex!fnx!rwing!eskimo!ipc
iphasew, telehack!oracle!decwrl!iphasew
iquery, telehack!janus!uunet!iquery
iros1, telehack!janus!uunet!iros1
irs3, telehack!mimsy!wb3ffv!irs3
irscscm, telehack!mimsy!wb3ffv!ka3ovk!irscscm
irsx01, telehack!mimsy!wb3ffv!irsx01
isagate, telehack!janus!uunet!ncc!isagate
isc-br, telehack!veritas!oliveb!isc-br
iscuva, telehack!janus!uunet!iscuva
isg100, telehack!oracle!pyramid!ncr-sd!isg100
isidoro, telehack!janus!uunet!atina!isidoro
isieng, telehack!mimsy!ames!isieng
isis, telehack!janus!uunet!isis
islabs, telehack!oracle!sequent!islabs
island, telehack!janus!uunet!island
islenet, telehack!rdlvax!randvax!vortex!islenet
ism, telehack!rdlvax!randvax!ism
ism780, telehack!oracle!sequent!gssc!ism780c!ism780
ism780c, telehack!oracle!sequent!gssc!ism780c
isrnix, telehack!janus!uunet!qusavx!isrnix
ists, telehack!janus!uunet!attcan!ists
itcatl, telehack!mimsy!widener!gatech!itcatl
itcyyz, telehack!veritas!hoptoad!saxony!itcyyz
itivax, telehack!oracle!apple!m-net!itivax
iuvax, telehack!mimsy!ames!iuvax
ivucsb, telehack!oracle!decwrl!nessus!ivucsb
iwblsys, telehack!oddjob!rutgers!rel!iwblsys
jabber, telehack!mimsy!widener!jabber
jack, telehack!adaptex!sco!jack
jackknife, telehack!oddjob!rutgers!princeton!jackknife
jandel, telehack!janus!uunet!jandel
jando, telehack!janus!uunet!alyce!jando
jarsun1, telehack!mimsy!rayssd!jarsun1
jartel, telehack!oddjob!rutgers!crash!jartel
jarthur, telehack!janus!uunet!jarthur
jato, telehack!janus!hacgate!srhqla!jato
jc3b21, telehack!janus!uunet!sherpa!jc3b21
jc3b22, telehack!janus!uunet!pdn!jc3b23!jc3b22
jc3b23, telehack!janus!uunet!pdn!jc3b23
jcc-one, telehack!janus!uunet!jcc-one
jcnpc, telehack!oracle!anvil!att!n8emr!jcnpc
jdbbs, telehack!janus!uunet!esseye!jdbbs
jdpsys, telehack!janus!uunet!sq!parkridge!jdpsys
jetson, telehack!janus!uunet!jetson
jfwhome, telehack!veritas!ardent!spdcc!jfwhome
jho, telehack!janus!uunet!jho
jmegen, telehack!oddjob!ncar!cepu!jmegen
johnny5, telehack!janus!uunet!ole!johnny5
jolnet, telehack!oddjob!clout!jolnet
joshua, telehack!adaptex!letni!dp7up!joshua
jplgodo, telehack!rdlvax!psivax!jplpro!jplgodo
jplpro, telehack!rdlvax!psivax!jplpro
jplpub1, telehack!rdlvax!psivax!jplpro!jplpub1
jpradley, telehack!janus!uunet!onm3b2!jpradley
jpunix, telehack!janus!uunet!cls!jpunix
jtsv16, telehack!janus!uunet!mnetor!yunexus!jtsv16
jungfrau, telehack!veritas!hoptoad!sun!iis!jungfrau
junska, telehack!oddjob!rutgers!princeton!junska
jup, telehack!mimsy!nmrdc1!frmug!jup
jvncnet, telehack!mimsy!ames!jvncnet
jwt, telehack!veritas!hoptoad!peora!jwt
jyacc, telehack!oddjob!rutgers!jyacc
ka2qhd, telehack!oddjob!rutgers!ka2qhd
ka3ovk, telehack!mimsy!wb3ffv!ka3ovk
kadmon, telehack!rdlvax!mtxinu!kadmon
kakwa, telehack!oddjob!ncar!raven!kakwa
kangaro, telehack!mimsy!ames!pur-ee!kangaro
kass, telehack!tandem!mips!grinch!kass
kelvin, telehack!mimsy!ames!scubed!kelvin
kenobi, telehack!oddjob!rutgers!cbmvax!kenobi
kepler1, telehack!janus!uunet!kepler1
kericks, telehack!oddjob!clout!kericks
kerner, telehack!janus!uunet!kerner
ketri, telehack!janus!uunet!sorak!ketri
key, telehack!veritas!amdahl!key
kf5iw, telehack!adaptex!sdf!kf5iw
ki4pv, telehack!janus!uunet!cdin-1!ki4pv
ki4xo, telehack!mimsy!wb3ffv!kd4nc!ki4xo
kicah, telehack!janus!uunet!iros1!odyssee!kicah
kiet, telehack!janus!uunet!sorak!kiet
killer, telehack!oddjob!clout!jolnet!killer
kinetics, telehack!veritas!excelan!kinetics
kira, telehack!tandem!netcomsv!kira
kit, telehack!janus!uunet!sorak!kiet!kit
kit0, %no path to host
kitenet, telehack!oracle!apple!m-net!kitenet
kitty, telehack!oracle!hplabs!kitty
kksys, telehack!oddjob!rutgers!umn-cs!kksys
kmjhome, telehack!adaptex!sdf!rwsys!lawton!kmjhome
kneller, telehack!janus!uunet!dptcdc!becker!kneller
kolvir, telehack!adaptex!fnx!polari!kolvir
koosh, telehack!veritas!hoptoad!koosh
kosman, telehack!veritas!hoptoad!plus5!kosman
kpc, telehack!oracle!decwrl!kpc
krafla, telehack!janus!uunet!gst!hafro!krafla
ks25, telehack!oracle!decwrl!ks25
ksala, telehack!janus!hacgate!ksala
ksgbbs, telehack!mimsy!ames!husc6!amcad!ksgbbs
ksuvax1, telehack!mimsy!widener!depot!ksuvax1
kulcs, telehack!janus!uunet!munnari!prlb2!kulcs
kumr, telehack!veritas!hoptoad!kumr
kyzyl, telehack!oracle!pyramid!teemc!kyzyl
lad-shrike, telehack!veritas!amd!milano!lad-shrike
ladcgw, telehack!janus!hacgate!ladcgw
laidbak, telehack!oddjob!clout!laidbak
lakart, telehack!mimsy!rayssd!mirror!lakart
lakesys, telehack!janus!hacgate!gryphon!lakesys
lamc, telehack!veritas!hoptoad!lamc
lanl, telehack!mimsy!ames!hc!lanl
larkint, telehack!lscpdx!nosun!larkint
latour, telehack!oddjob!rutgers!cdspr!alzabo!latour
laurel, telehack!veritas!hoptoad!ankh!laurel
leafusa, telehack!janus!uunet!leafusa
lecgwy, telehack!oddjob!rutgers!lecgwy
lecvae, telehack!tandem!mips!elrond!lecvae
legal, telehack!janus!uunet!svcs1!legal
legato, telehack!janus!uunet!legato
legs, telehack!janus!uunet!legs
lehi3b15, telehack!oddjob!rutgers!bpa!lehi3b15
lemuria, telehack!oracle!hplabs!decvax!lemuria
leo, telehack!oracle!sequent!ccicpg!leo
lethe, telehack!janus!uunet!dptcdc!lethe
letni, telehack!adaptex!letni
lever, telehack!veritas!hoptoad!lever
lexicon, telehack!veritas!ardent!spdcc!lexicon
lgnp1, telehack!oddjob!rutgers!prapc2!lgnp1
liberty, telehack!oddjob!rutgers!liberty
light, telehack!veritas!amd!light
lilink, telehack!oddjob!rutgers!lilink
lily, telehack!janus!uunet!rosevax!elric!lily
limbic, telehack!mimsy!ames!limbic
limbo, telehack!oracle!decwrl!limbo
limerick, telehack!oddjob!clout!limerick
linac, telehack!oddjob!clout!simon!linac
littlei, telehack!oracle!ncube!littlei
ll-xn, telehack!mimsy!ames!ll-xn
lll-crg, telehack!veritas!hoptoad!lll-crg
lll-tis, telehack!mimsy!ames!lll-tis
lll-winken, telehack!oracle!decwrl!lll-winken
lln-cs, telehack!janus!uunet!icot34!inria!lln-cs
llustig, telehack!oracle!decwrl!llustig
lock60, telehack!oddjob!rutgers!prapc2!lock60
loft386, telehack!janus!uunet!loft386
logico, telehack!rdlvax!psivax!jplpro!jplgodo!logico
logsysv, telehack!mimsy!widener!logsysv
lokkur, telehack!janus!uunet!amara!lokkur
longbow, telehack!oracle!pacbell!sactoh0!longbow
looking, telehack!oracle!decwrl!looking
loop, telehack!lscpdx!nosun!loop
lotus, telehack!janus!uunet!lotus
loyola, telehack!tandem!rtech!halley!loyola
lpi, telehack!adaptex!sco!lpi
lri, telehack!janus!uunet!icot34!inria!lri
lrw, telehack!mimsy!rlgvax!uupsi3!lrw
lsican, telehack!oddjob!nucsrl!sol!suntalk!lsican
lsrhs, telehack!oddjob!rutgers!mit-eddie!sdti!lsrhs
lupine, telehack!veritas!ardent!lupine
lynx, telehack!janus!uunet!lynx
m-net, telehack!oracle!apple!m-net
m2-net, telehack!oracle!apple!m-net!m2-net
m2c, telehack!mimsy!ames!necntc!m2c
m2xenix, telehack!janus!uunet!m2xenix
mac, telehack!mimsy!ames!efceng!mac
macom1, telehack!mimsy!hqda-ai!grebyn!macom1
macomh, telehack!mimsy!hqda-ai!grebyn!macomh
madhat, telehack!oddjob!rutgers!argon!madhat
madnix, telehack!oracle!anvil!att!nicmad!madnix
magic, telehack!veritas!amd!magic
magnus, telehack!oracle!pacbell!magnus
mahendo, telehack!janus!hacgate!wlbr!mahendo
mailrus, telehack!oddjob!rutgers!mailrus
manapua, telehack!janus!hacgate!pegasus!manapua
mancol, telehack!oracle!decwrl!research!mancol
manhat, telehack!janus!uunet!dasys1!manhat
mani, telehack!janus!uunet!sorak!mani
marcal, telehack!oddjob!clout!trinity!marcal
marge, telehack!janus!hacgate!srhqla!nrcvax!marge
markets, telehack!janus!uunet!markets
mas1, telehack!rdlvax!mtxinu!mas1
masscomp, telehack!janus!uunet!masscomp
mathworks, telehack!oracle!apple!mathworks
matlab, telehack!oracle!apple!mathworks!matlab
matrox, telehack!janus!uunet!matrox
maxx, telehack!janus!uunet!virgin!maxx
mbf, telehack!janus!hacgate!mbf
mbsun, telehack!mimsy!widener!heifetz!mbsun
mccall, telehack!mimsy!widener!depot!mccall
mccc, telehack!oddjob!rutgers!princeton!mccc
mcdbos, telehack!oddjob!clout!mcdchg!mcdbos
mcdchg, telehack!oddjob!clout!mcdchg
mcdcup, telehack!oracle!hplabs!mcdcup
mcdham, telehack!oddjob!clout!mcdchg!mcdham
mcdhup, telehack!oddjob!rutgers!mcdhup
mcdphx, telehack!janus!uunet!88opensi!mcdphx
mcdurb, telehack!oddjob!clout!mcdchg!mcdurb
mcf, telehack!mimsy!elsie!mcf
mcgill-vision, telehack!janus!uunet!sobeco!mcgill-vision
mcgp1, telehack!adaptex!fnx!polari!mcgp1
mcl, telehack!janus!uunet!mcl
mcmi, telehack!janus!uunet!btni!mcmi
mcrware, telehack!janus!uunet!mcrware
mcshh, telehack!oracle!pyramid!tmpmbx!mcshh
mcspdx, telehack!lscpdx!nosun!cvedc!mcspdx
mcstul, telehack!oddjob!rutgers!okstate!pporta!mcstul
mcsun, telehack!janus!uunet!munnari!mcsun
mdbs, telehack!mimsy!ames!pur-ee!mdbs
mdcbbs, telehack!oracle!decwrl!mdcbbs
mdf, telehack!janus!uunet!chinacat!mdf
mdhca, telehack!janus!hacgate!mdhca
mdi386, telehack!oddjob!rutgers!prapc2!mdi386
mdisea, telehack!janus!uunet!mdisea
mdlrth, telehack!tandem!mips!elrond!mdlrth
mdt, telehack!mimsy!widener!gatech!mdt
meadow, telehack!veritas!amdahl!meadow
meccts, telehack!oddjob!rutgers!meccts
medar, telehack!adaptex!sco!medar
medea, telehack!janus!uunet!ymt!medea
medex2, telehack!janus!uunet!medex2
medexam, telehack!janus!uunet!medexam
media, telehack!mimsy!prometheus!media
medicus, telehack!janus!uunet!medicus
megasys, telehack!veritas!hoptoad!ankh!megasys
mejac, telehack!veritas!hoptoad!mejac
men2a, telehack!janus!uunet!men2a
merch, telehack!adaptex!cpe!merch
mergsun, telehack!oracle!decwrl!imagen!mergsun
mergvax, telehack!mimsy!rayssd!icus!mergvax
merk, telehack!janus!uunet!merk
mescal, telehack!adaptex!sco!uudell!pensoft!mescal
meta4, telehack!janus!uunet!philmtl!meta4
metaware, telehack!veritas!amd!metaware
metheus, telehack!janus!uunet!metheus
metro, telehack!veritas!hoptoad!ankh!metro
mfci, telehack!janus!uunet!mfci
mfgsrvr, telehack!oracle!sequent!mfgsrvr
mfocus, telehack!oracle!decwrl!mfocus
mgse, telehack!adaptex!fleet!mgse
mgweed, telehack!oracle!sequent!edgesa!mgweed
mi-cec, telehack!janus!uunet!masscomp!mi-cec
mia, telehack!adaptex!cpe!techsup!mia
miavax, telehack!oddjob!gargoyle!zeus!sid3b2b!miavax
mibte, telehack!mimsy!elsie!mcf!mibte
mic, telehack!adaptex!utacfd!mic
micor, %no path to host
microsoft, telehack!veritas!excelan!microsoft
middco, telehack!janus!uunet!ksmith!admiral!middco
midlyd, telehack!adaptex!sco!uudell!midlyd
mikros, telehack!oracle!pyramid!tub!unido!mikros
milano, telehack!veritas!amd!milano
miles, telehack!adaptex!amgraf!nstar!miles
milestn, telehack!janus!uunet!spool!milestn
millipore, telehack!janus!uunet!merk!millipore
mimsy, telehack!mimsy
mindcrf, telehack!oracle!decwrl!mindcrf
mini, telehack!oracle!decwrl!mini
minist, telehack!janus!uunet!atina!ecord!minist
minuet, telehack!oracle!hplabs!hpiag0!hp-col!minuet
minya, telehack!veritas!amd!ima!minya
mipos3, telehack!janus!hacgate!intelca!mipos3
mips, telehack!tandem!mips
mirror, telehack!mimsy!rayssd!mirror
mit-amt, telehack!mimsy!ames!think!mit-amt
mit-atrp, telehack!oddjob!rutgers!dspvax!mit-atrp
mit-caf, telehack!oddjob!rutgers!dspvax!mit-caf
mit-cipg, telehack!oddjob!rutgers!dspvax!mit-cipg
mit-eddie, telehack!oddjob!rutgers!mit-eddie
mit-nc, telehack!mimsy!ames!mit-nc
mit-vax, telehack!oddjob!rutgers!mit-eddie!mit-vax
mitech, telehack!janus!uunet!mitech
mixcom, telehack!janus!uunet!spool!mixcom
mizarvme, telehack!mimsy!ames!isieng!mizarvme
mjbtn, telehack!janus!uunet!mjbtn
mks, telehack!tandem!netcomsv!express!mks
mlfarm, telehack!mimsy!rayssd!mlfarm
mmm, telehack!oddjob!rutgers!umn-cs!mmm
mmsac, telehack!oracle!pacbell!sactoh0!mmsac
mnetor, telehack!janus!uunet!mnetor
mneuxg, telehack!tandem!netcomsv!lamont!mneuxg
mntgfx, telehack!oracle!sequent!mntgfx
mobdig, telehack!tandem!rtech!mobdig
mojave, telehack!tandem!netcomsv!cohesive!mojave
momenta, telehack!tandem!zorch!momenta
monarch, telehack!oddjob!ncar!csn!monarch
moncol, telehack!oddjob!rutgers!petsd!moncol
mongrel, %no path to host
monnet, telehack!oracle!anvil!att!monnet
montagar, telehack!adaptex!letni!montagar
monymsys, telehack!oracle!anvil!uupsi!monymsys
mordor, telehack!oracle!decwrl!mordor
morticia, telehack!janus!uunet!atina!morticia
morton, telehack!oracle!sequent!tessi!morton
moscom, telehack!oddjob!rutgers!rochester!rit!moscom
motatl, telehack!mimsy!widener!emory!motatl
motaus, telehack!oddjob!clout!mcdchg!motaus
motbos, telehack!oracle!decwrl!motbos
motcoh, telehack!oracle!hplabs!mcdcup!motcoh
motcsd, telehack!oracle!pyramid!motcsd
motown, telehack!adaptex!ninja!motown
motral, telehack!oracle!hplabs!mcdcup!motral
motsea, telehack!oracle!apple!motsea
motsj1, telehack!oracle!hplabs!motsj1
motto, telehack!janus!uunet!mnetor!motto
mottor, telehack!oddjob!clout!mcdchg!mottor
motwdc, telehack!oddjob!clout!mcdchg!motwdc
moundst, telehack!oddjob!rutgers!umn-cs!moundst
mozart, telehack!oddjob!rutgers!hombre!mozart
mpx1, telehack!oddjob!clout!ddsw1!mpx1
mri, telehack!janus!uunet!mri
mrsmouse, telehack!janus!uunet!aablue!redpoll!mrsmouse
mrspoc, telehack!tandem!zorch!mrspoc
msdc, telehack!janus!uunet!msdc
mslbrb, telehack!janus!uunet!mslbrb
mss, telehack!oracle!decwrl!mss
mstan, telehack!janus!uunet!mstan
mstar, telehack!janus!uunet!mstar
mstr, telehack!janus!uunet!pwa-b!mstr
mtbaker, telehack!oddjob!clout!jolnet!mtbaker
mtdiablo, telehack!tandem!mips!mtdiablo
mtek, telehack!lscpdx!nosun!mtek
mthvax, telehack!veritas!hoptoad!ankh!mthvax
mti, telehack!janus!hacgate!mti
mtndew, telehack!janus!uunet!mtndew
mtxinu, telehack!rdlvax!mtxinu
muddcs, telehack!janus!hacgate!muddcs
munnari, telehack!janus!uunet!munnari
munsell, telehack!veritas!amd!ima!atexnet!munsell
murphy, telehack!janus!uunet!murphy
musky2, telehack!oracle!anvil!att!musky2
mustang, telehack!oracle!pacbell!magnus!mustang
mwc, telehack!janus!uunet!mwc
mybest, telehack!janus!uunet!bigtex!mybest
mycroft, telehack!oddjob!clout!infopls!mycroft
n8ino, telehack!janus!uunet!virgin!n8ino
nampak, telehack!janus!uunet!shannon!olsa99!nampak
nastar, telehack!mimsy!widener!emory!nastar
natinst, telehack!janus!uunet!bigtex!natinst
natural, telehack!veritas!ardent!spdcc!natural
nautilus, telehack!janus!uunet!atina!nautilus
nbc1, telehack!rdlvax!ttidca!philabs!nbc1
nbires, telehack!oddjob!ncar!nbires
ncar, telehack!oddjob!ncar
ncc, telehack!janus!uunet!ncc
ncm, telehack!adaptex!fnx!pilchuck!ncm
ncoast, telehack!oracle!pyramid!uccba!ncoast
ncr-sd, telehack!oracle!pyramid!ncr-sd
ncratl, telehack!mimsy!widener!emory!ncratl
ncrats, telehack!oracle!pyramid!ncr-sd!ncrats
ncrcae, telehack!oracle!sequent!sp7040!ncrcae
ncrcam, telehack!oracle!pyramid!ncr-sd!ncrcam
ncrcan, telehack!janus!uunet!dptcdc!ncrcan
ncrsea, telehack!janus!uunet!camco!ncrsea
ncrwat, telehack!janus!uunet!ncrlnk!ncrwat
ncrwic, telehack!oracle!pyramid!ncr-sd!ncrwic
ncsuvx, telehack!oracle!decwrl!lll-winken!ncsuvx
ndmath, telehack!mimsy!ames!iuvax!ndmath
ndsuvax, telehack!janus!uunet!ndsuvax
nebulus, telehack!oracle!decwrl!atha!nebulus
necis, telehack!mimsy!ames!necntc!necis
necntc, telehack!mimsy!ames!necntc
necsun, telehack!veritas!oliveb!necsun
neda, telehack!janus!uunet!neda
neoucom, telehack!oracle!decwrl!lll-winken!neoucom
nessus, telehack!oracle!decwrl!nessus
netcom, telehack!veritas!amdahl!netcom
netcomsv, telehack!tandem!netcomsv
netcon, telehack!janus!uunet!intime!netcon
netdev, telehack!adaptex!letni!netdev
netex, telehack!janus!uunet!hadron!netex
neti1, telehack!mimsy!ames!sharkey!neti2!neti1
neti2, telehack!mimsy!ames!sharkey!neti2
netmbx, telehack!oracle!pyramid!tub!netmbx
netsys, telehack!mimsy!anagld!netsys
netxcom, telehack!janus!uunet!netxcom
news, telehack!veritas!excelan!news
next, telehack!janus!uunet!next
nicmad, telehack!oracle!anvil!att!nicmad
ninja, telehack!adaptex!ninja
nirvo, telehack!oddjob!rutgers!nirvo
njin, telehack!oddjob!rutgers!njin
njsmu, telehack!oddjob!rutgers!princeton!njsmu
nli, telehack!oracle!apple!nli
nmrdc1, telehack!mimsy!nmrdc1
noao, telehack!oddjob!ncar!noao
node, telehack!oracle!apple!node
noe, telehack!veritas!hoptoad!noe
noether, telehack!oracle!decwrl!sbcs!noether
nominil, telehack!janus!uunet!nominil
norvac, telehack!lscpdx!nosun!bucket!norvac
nosc, telehack!tandem!mips!chip!nosc
nosun, telehack!lscpdx!nosun
novatel, telehack!janus!uunet!intek01!novatel
novavax, telehack!veritas!hoptoad!ankh!novavax
now, telehack!janus!uunet!dptcdc!becker!now
noweh, telehack!oddjob!nucsrl!sol!suntalk!noweh
npal, telehack!janus!uunet!uniops!towers!npal
npiatl, telehack!mimsy!widener!gatech!npiatl
nrcvax, telehack!janus!hacgate!srhqla!nrcvax
ns, telehack!janus!uunet!parvenu!ns
nshore, telehack!oracle!pyramid!uccba!ncoast!nshore
nsq, telehack!oddjob!rutgers!cbmvax!cbmtor!nsq
nstar, telehack!adaptex!amgraf!nstar
ntg, telehack!tandem!netcomsv!ntg
ntrlink, telehack!janus!uunet!auspex!ntrlink
ntvax, telehack!janus!uunet!iex!ntvax
nuchat, telehack!janus!uunet!nuchat
nucleus, telehack!janus!uunet!stss!nucleus
nuconvex, telehack!janus!uunet!hsi!nuconvex
nucsrl, telehack!oddjob!nucsrl
null, telehack!janus!uunet!btni!null
nusdecs, telehack!tandem!netcomsv!nusjecs!nusdecs
nusdhub, telehack!tandem!mips!chip!nusdhub
nusjecs, telehack!tandem!netcomsv!nusjecs
nuustak, telehack!janus!uunet!nuustak
nwnexus, telehack!janus!uunet!nwnexus
nwsp, telehack!lscpdx!nosun!nwsp
nyit, telehack!oracle!decwrl!sbcs!nyit
nyser, telehack!oddjob!rutgers!njin!nyser
nyx, telehack!oddjob!ncar!scicom!nyx
oakhill, telehack!veritas!amd!milano!oakhill
obdient, telehack!oddjob!clout!obdient
ocpt, telehack!janus!uunet!masscomp!ocpt
ocsqnt, telehack!oracle!sequent!ocsqnt
oct1, telehack!janus!uunet!nuustak!proxima!oct1
octela, telehack!janus!uunet!octela
octopus, telehack!oracle!pyramid!octopus
oddjob, telehack!oddjob
odgate, telehack!oddjob!clout!odgate
odyssee, telehack!janus!uunet!iros1!odyssee
oetl, telehack!oracle!pyramid!oetl
ogccse, telehack!oracle!sequent!ogccse
ogicse, telehack!oracle!decwrl!ogicse
ohio, telehack!janus!hacgate!mbf!ohio
ohsu, telehack!lscpdx!nosun!larkint!ohsu
ohsu-hcx, telehack!lscpdx!nosun!ohsu-hcx
oink, telehack!adaptex!fnx!polari!marvin!oink
okstate, telehack!oddjob!rutgers!okstate
ole, telehack!janus!uunet!ole
oli-stl, telehack!veritas!hoptoad!oli-stl
oliveb, telehack!veritas!oliveb
ollie, telehack!oddjob!ncar!cepu!ollie
olsa99, telehack!janus!uunet!shannon!olsa99
omen, telehack!janus!uunet!omen
onfcanim, telehack!janus!uunet!sobeco!onfcanim
ontenv, telehack!janus!uunet!dptcdc!becker!ontenv
ontmoh, telehack!janus!uunet!mnetor!ontmoh
opac, telehack!oracle!sequent!orstcs!opac
opel, telehack!mimsy!arinc!opel
opsarg, telehack!janus!uunet!atina!opsarg
optigfx, telehack!janus!uunet!optigfx
optilink, telehack!janus!uunet!optilink
optima, telehack!oddjob!sunloop!optima
opusys, telehack!janus!uunet!opusys
ora, telehack!janus!uunet!ora
oracle, telehack!oracle
orage, telehack!mimsy!ames!sharkey!orage
orc, telehack!veritas!oliveb!orc
oresoft, telehack!lscpdx!nosun!oresoft
orstcs, telehack!oracle!sequent!orstcs
orstext, telehack!oracle!sequent!orstcs!orstext
orstnews, telehack!oracle!sequent!orstcs!mjolnir!orstnews
orville, telehack!veritas!amd!yarc!orville
oryxmv6, telehack!adaptex!egsner!oryxmv6
osc, telehack!veritas!amd!osc
osiris, telehack!mimsy!aplcen!osiris
otishq, telehack!janus!uunet!aaahq01!otishq
otto, telehack!veritas!hoptoad!otto
oxtrap, telehack!mimsy!elsie!mcf!oxtrap
oxy, telehack!janus!hacgate!usc!oxy
pacbell, telehack!oracle!pacbell
pacer, telehack!adaptex!fnx!pilchuck!pacer
palan, telehack!janus!uunet!pdn!palan
palladium, telehack!janus!uunet!merk!palladium
pallio, telehack!veritas!fugazi!wet!pallio
pan, telehack!janus!uunet!ukc!cernvax!pan
panda, telehack!veritas!hoptoad!portal!panda
pandora, telehack!adaptex!letni!pandora
paninfo, telehack!janus!uunet!ukc!cernvax!paninfo
panix, telehack!oracle!apple!panix
paomail, telehack!oracle!sequent!paomail
paperboy, telehack!oddjob!clout!mcdchg!paperboy
paradigm, telehack!oddjob!rutgers!mit-eddie!paradigm
parallax, telehack!janus!uunet!parallax
parcplace, telehack!oracle!decwrl!parcplace
parkridge, telehack!janus!uunet!sq!parkridge
parsely, telehack!lscpdx!nosun!bucket!parsely
parvenu, telehack!janus!uunet!parvenu
pbs, telehack!janus!uunet!sarge!pbs
pbsi, telehack!janus!uunet!pbsi
pca54, telehack!tandem!netcomsv!pca54
pdaeng, telehack!oracle!decwrl!pdaeng
pdi, telehack!emds!sgi!pdi
pdn, telehack!janus!uunet!pdn
pdxgate, telehack!lscpdx!nosun!pdxgate
pecnos, telehack!oddjob!rutgers!petsd!pecnos
pedsga, telehack!oddjob!rutgers!petsd!pedsga
pedsgd, telehack!oddjob!rutgers!petsd!pedsgd
pegasus, telehack!janus!hacgate!pegasus
pencom, telehack!janus!uunet!pencom
pensoft, telehack!adaptex!sco!uudell!pensoft
peora, telehack!veritas!hoptoad!peora
percival, telehack!lscpdx!nosun!nwsp!percival
percy, telehack!lscpdx!nosun!percy
peregrine, telehack!oracle!sequent!peregrine
perle, telehack!janus!uunet!mnetor!perle
perot, telehack!oracle!decwrl!perot
petf1, telehack!oddjob!rutgers!petsd!petf1
petro, telehack!oracle!anvil!att!petro
petsd, telehack!oddjob!rutgers!petsd
pgt1, telehack!oddjob!rutgers!rwj!pgt1
philabs, telehack!rdlvax!ttidca!philabs
philmtl, telehack!janus!uunet!philmtl
phlpa, telehack!mimsy!widener!phlpa
photon, telehack!janus!uunet!photon
phri, telehack!oddjob!rutgers!phri
phw5, telehack!veritas!ardent!phw5
piddle, telehack!oracle!pacbell!bakerst!piddle
pikes, telehack!mimsy!aplcen!uakari!pikes
pilatus, telehack!veritas!hoptoad!sun!iis!pilatus
pilchuck, telehack!adaptex!fnx!pilchuck
pilot, telehack!adaptex!letni!zardoz!pilot
pipeline, telehack!veritas!amd!pipeline
pitt, telehack!oddjob!rutgers!psuvax1!pitt
pixar, telehack!oracle!pyramid!pixar
pixel, telehack!oracle!anvil!harvard!pixel
piziali, telehack!adaptex!egsner!piziali
pjetech, telehack!oddjob!rutgers!telcom!fantasci!pjetech
plains, telehack!janus!uunet!plains
plato, telehack!veritas!hoptoad!plato
plseca, telehack!mimsy!ames!lll-tis!plseca
plus5, telehack!veritas!hoptoad!plus5
pmafire, telehack!janus!uunet!pmafire
pochoclo, telehack!janus!uunet!atina!pochoclo
polari, telehack!adaptex!fnx!polari
polarsun, telehack!oddjob!rutgers!polarsun
polarvax, telehack!oddjob!rutgers!polarvax
pollux, telehack!adaptex!ninja!pollux
polstra, telehack!janus!uunet!polstra
polygen, telehack!oddjob!rutgers!princeton!polygen
polyof, telehack!janus!uunet!talos!rti!polyof
polyslo, telehack!oracle!pyramid!polyslo
portal, telehack!veritas!hoptoad!portal
poseur, telehack!rdlvax!randvax!valley!poseur
pporta, telehack!oddjob!rutgers!okstate!pporta
practic, telehack!janus!uunet!practic
prairie, telehack!oracle!sequent!uwvax!prairie
prapc2, telehack!oddjob!rutgers!prapc2
prcrs, telehack!janus!uunet!prcrs
premise, telehack!mimsy!rayssd!premise
presby, telehack!mimsy!widener!cmcl2!presby
pri, telehack!mimsy!rayssd!galaxia!pri
pride386, telehack!janus!uunet!pride386
primerd, telehack!tandem!mips!primerd
prlb2, telehack!janus!uunet!munnari!prlb2
problem, telehack!oracle!sequent!torsqnt!problem
procase, telehack!veritas!procase
prometheus, telehack!mimsy!prometheus
proto, telehack!janus!uunet!proto
protocol, telehack!lscpdx!nosun!protocol
provar, telehack!tandem!netcomsv!express!mks!provar
prowest, telehack!oracle!decwrl!prowest
proxima, telehack!janus!uunet!nuustak!proxima
psivax, telehack!rdlvax!psivax
psu-cs, telehack!oracle!sequent!ogccse!psu-cs
psueea, telehack!oracle!sequent!ogccse!psueea
psuhcx, telehack!oddjob!rutgers!psuvax1!psuhcx
psuvax1, telehack!oddjob!rutgers!psuvax1
pte, telehack!janus!hacgate!edsews!pte
ptlwest, telehack!adaptex!sco!ptlwest
puck, telehack!janus!uunet!virgin!puck
puff, telehack!oddjob!rutgers!puff
puivax, telehack!oracle!sequent!ccicpg!puivax
pur-ee, telehack!mimsy!ames!pur-ee
pur-phy, telehack!mimsy!ames!iuvax!pur-phy
purdue, telehack!oracle!decwrl!purdue
pwcs, telehack!oddjob!rutgers!rwj!pwcs
pyramid, telehack!oracle!pyramid
pyrchi, telehack!oracle!pyramid!pyrchi
pyrdc, telehack!janus!uunet!pyrdc
pyrnj, telehack!oddjob!rutgers!pyrnj
pyrtech, telehack!janus!uunet!pyrdc!pyrtech
pyrtor, telehack!oracle!pyramid!pyrtor
pzbaum, telehack!janus!uunet!pzbaum
qantel, telehack!oracle!hplabs!qantel
qcc-hal, telehack!oracle!decwrl!alberta!dvinci!qcc-hal
qcdev, telehack!adaptex!letni!qcdev
qetzal, telehack!oracle!sequent!upba!qetzal
qiclab, telehack!lscpdx!nosun!qiclab
qii, telehack!oddjob!rutgers!umn-cs!qii
qmet, telehack!oracle!pacbell!sactoh0!qmet
qnorth, telehack!janus!uunet!sobeco!qnorth
qsp, telehack!adaptex!sco!qsp
qst1, telehack!adaptex!fnx!alphacm!qst1
qtc, telehack!oracle!sequent!qtc
quack, telehack!tandem!mips!quack
quad1, telehack!rdlvax!ttidca!quad1
quagga, telehack!janus!uunet!nuustak!quagga
questar, telehack!janus!uunet!rosevax!questar
quintro, telehack!oracle!decwrl!lll-winken!quintro
quintus, telehack!oracle!decwrl!quintus
r-node, telehack!janus!uunet!mnetor!aimed!r-node
r2, telehack!janus!uunet!mnetor!r2
racerx, telehack!janus!uunet!racerx
radar, telehack!veritas!amd!milano!radar
radix, telehack!janus!uunet!pzbaum!radix
raider, telehack!janus!uunet!knuth!raider
rainbow, telehack!veritas!hoptoad!portal!rainbow
ralmar, telehack!veritas!amdahl!aleph!ralmar
rama, telehack!janus!uunet!hcx1!rama
ramoth, telehack!oracle!pyramid!batcomputer!ramoth
randvax, telehack!rdlvax!randvax
raven, telehack!oddjob!ncar!raven
ray, telehack!mimsy!rayssd!icus!taliesin!ray
raybed2, telehack!mimsy!rayssd!raybed2
rayssd, telehack!mimsy!rayssd
rb-dc1, telehack!oracle!pyramid!ncr-sd!rb-dc1
rbdc, telehack!oracle!pacbell!bakerst!rbdc
rcf, telehack!veritas!amdahl!rcf
rcorsa, telehack!janus!uunet!matrox!rcorsa
rdlvax, telehack!rdlvax
rducky, telehack!oracle!pyramid!polyslo!rducky
reason, telehack!oracle!pyramid!reason
rebel, telehack!janus!uunet!dcatla!rebel
redpoll, telehack!janus!uunet!aablue!redpoll
redsox, telehack!mimsy!ames!think!redsox
redsun, telehack!lscpdx!nosun!redsun
redvax, telehack!adaptex!sco!scocan!redvax
redwood, telehack!emds!sgi!redwood
reed, telehack!lscpdx!nosun!reed
reel, telehack!oracle!pyramid!teemc!reel
regina, telehack!janus!uunet!mcl!regina
rehab1, telehack!oddjob!rutgers!devon!rehab1
rei2, telehack!janus!uunet!rei2
rel, telehack!oddjob!rutgers!rel
relay, telehack!oracle!hplabs!relay
rencon, telehack!oracle!hplabs!rencon
reo, telehack!oddjob!ncar!scicom!reo
research, telehack!oracle!decwrl!research
retix, telehack!veritas!oliveb!retix
rex, telehack!mimsy!anagld!rex
riacs, telehack!oracle!sequent!riacs
richsun, telehack!janus!uunet!richsun
rit, telehack!oddjob!rutgers!rochester!rit
ritcsh, telehack!oracle!pyramid!ritcsh
rlgvax, telehack!mimsy!rlgvax
rmkhome, telehack!veritas!hoptoad!frog!rmkhome
rna, telehack!janus!uunet!s5!rna
robechq, telehack!oddjob!rutgers!bpa!temvax!robechq
robohack, telehack!veritas!amdahl!meadow!feline!robohack
rochester, telehack!oddjob!rutgers!rochester
rocksanne, telehack!veritas!oliveb!sci!rocksanne
romed, telehack!oddjob!rutgers!okstate!romed
ronin, telehack!janus!uunet!ronin
rosevax, telehack!janus!uunet!rosevax
royaljok, telehack!mimsy!ames!iuvax!royaljok
royko, telehack!oddjob!homebru!royko
rphroy, telehack!mimsy!elsie!mcf!rphroy
rpmc, telehack!janus!uunet!onm3b2!jpradley!rpmc
rpp386, telehack!janus!uunet!chinacat!rpp386
rsf, telehack!adaptex!cpe!rsf
rt1, telehack!mimsy!ames!hc!rt1
rtech, telehack!tandem!rtech
rti, telehack!janus!uunet!talos!rti
rwing, telehack!adaptex!fnx!rwing
rwj, telehack!oddjob!rutgers!rwj
rwmke, telehack!janus!uunet!spool!rwmke
rwsys, telehack!adaptex!sdf!rwsys
ryescs, telehack!janus!uunet!dptcdc!tmsoft!ryescs
ryesone, telehack!veritas!hoptoad!utzoo!ryesone
ryptyde, telehack!oddjob!rutgers!crash!ryptyde
s3ridge, telehack!tandem!netcomsv!golem!s3ridge
s3sun, telehack!tandem!netcomsv!golem!s3sun
s4mjs, telehack!oddjob!rutgers!westmark!s4mjs
s5, telehack!janus!uunet!s5
s5000, telehack!janus!uunet!s5000
sactoh0, telehack!oracle!pacbell!sactoh0
safari, telehack!oracle!pacbell!safari
sagepub, telehack!janus!uunet!sagepub
sal, telehack!adaptex!egsner!sal
sam, telehack!janus!uunet!sam
samsung, telehack!janus!uunet!samsung
sarge, telehack!janus!uunet!sarge
sat, telehack!oracle!decwrl!sat
satco, telehack!janus!uunet!virgin!satco
savax, telehack!tandem!mips!elrond!savax
saylor, telehack!janus!uunet!rosevax!com50!saylor
sbanet, %no path to host
sbcs, telehack!oracle!decwrl!sbcs
sbsvax, telehack!oracle!pyramid!isaak!sbsvax
sbuf01, telehack!janus!uunet!cdin-1!sbuf01
sbuf02, telehack!janus!uunet!cdin-1!sbuf04!sbuf02
sbuf03, telehack!janus!uunet!cdin-1!sbuf04!sbuf03
sbuf04, telehack!janus!uunet!cdin-1!sbuf04
sbuf05, telehack!janus!uunet!cdin-1!sbuf04!sbuf05
sc50, telehack!janus!uunet!sobeco!telly!sc50
scampi, telehack!veritas!hoptoad!scampi
scbhq, telehack!oddjob!rutgers!bpa!scbhq
sceard, telehack!janus!uunet!agouron!sceard
scenic, telehack!veritas!amd!yarc!scenic
sci, telehack!veritas!oliveb!sci
sci34hub, telehack!janus!uunet!sci34hub
scicom, telehack!oddjob!ncar!scicom
sclcig, telehack!janus!uunet!sobeco!telly!sclcig
scubed, telehack!mimsy!ames!scubed
sda, telehack!lscpdx!cadence!versatc!sda
sdamos, telehack!mimsy!ames!ucsd!sdamos
sdchem, telehack!mimsy!ames!ucsd!sdchem
sdcrsi, telehack!janus!uunet!megatek!sdcrsi
sdcsvax, telehack!mimsy!ames!ucsd!sdcsvax
sdf, telehack!adaptex!sdf
sdgsun, telehack!janus!uunet!tarpit!sdgsun
sdiego, telehack!oddjob!rutgers!crash!ucselx!sdiego
sdp, telehack!oracle!ncube!intelhf!sdp
sdrc, telehack!oracle!decwrl!sdrc
sdsioa, telehack!mimsy!ames!ucsd!sdsioa
sdsu, telehack!tandem!mips!chip!sdsu
sdti, telehack!oddjob!rutgers!mit-eddie!sdti
seac, telehack!tandem!mips!chip!van-bc!seac
seaside, telehack!janus!uunet!microme!seaside
secyt, telehack!janus!uunet!atina!secyt
seer, telehack!tandem!netcomsv!seer
sei, telehack!oddjob!rutgers!devon!sei
seila, telehack!rdlvax!psivax!jplpro!jplgodo!seila
sendai, telehack!veritas!hoptoad!sendai
seq, telehack!janus!uunet!rdp1!seq
serene, telehack!janus!uunet!serene
servio, telehack!janus!uunet!servio
sgi, telehack!emds!sgi
sgihbtn, telehack!adaptex!fnx!sgihbtn
shade, telehack!mimsy!ames!sharkey!shade
shadow, telehack!oracle!anvil!uupsi!shadow
shakti, telehack!janus!uunet!shakti
shamash, telehack!oddjob!rutgers!umn-cs!shamash
sharkey, telehack!mimsy!ames!sharkey
shell, telehack!oracle!decwrl!shell
shower, telehack!lscpdx!nosun!percy!shower
shuksan, telehack!lscpdx!nosun!sunup!shuksan
shyoon, telehack!janus!uunet!tegra!shyoon
sialis, telehack!oddjob!rutgers!umn-cs!sialis
sickkids, telehack!janus!uunet!dptcdc!sickkids
sid3b2, telehack!oddjob!gargoyle!zeus!sid3b2
sid3b2b, telehack!oddjob!gargoyle!zeus!sid3b2b
siemens, telehack!rdlvax!psivax!siemens
sigma, telehack!adaptex!fnx!polari!sigma
sigmast, telehack!mimsy!ames!canisius!sigmast
sii, telehack!tandem!mips!elrond!sii
siia, telehack!tandem!mips!elrond!siia
simpact, telehack!oracle!decwrl!simpact
sinix, telehack!oracle!hplabs!hpcea!hpbbn!sinix
sinkhole, telehack!mimsy!aplcen!uakari!uflorida!sinkhole
sir-alan, telehack!veritas!hoptoad!daver!sir-alan
sis, telehack!veritas!hoptoad!utzoo!sis
siswat, telehack!janus!uunet!sugar!siswat
sivs, telehack!adaptex!letni!zardoz!sivs
sjsca4, telehack!veritas!amdahl!sjsca4
sjsumcs, telehack!veritas!excelan!sjsumcs
sjuphil, telehack!mimsy!widener!sjuphil
sjuvax, telehack!oddjob!rutgers!princeton!sjuvax
ska, telehack!janus!uunet!ska
skeeve, telehack!oracle!pacbell!bakerst!skeeve
skill, telehack!adaptex!utacfd!mic!skill
skivs, telehack!janus!uunet!skivs
skypod, telehack!adaptex!sco!scocan!skypod
skywest, telehack!oddjob!rutgers!sky!skywest
slammer, telehack!mimsy!widener!emory!slammer
sli, telehack!janus!uunet!sli
slu70, telehack!veritas!hoptoad!plus5!slu70
slug, telehack!mimsy!ames!uw-beaver!slug
slustl, telehack!janus!uunet!wucs1!slustl
smeagol, telehack!mimsy!ames!teleop!smeagol
smersh, telehack!mimsy!ames!think!bloom-beacon!smersh
smke03, telehack!janus!uunet!cdin-1!smke03
smop, telehack!mimsy!nmrdc1!frmug!smop
smsdpg, telehack!mimsy!anagld!sundc!smsdpg
smu, telehack!adaptex!ninja!smu
snark, telehack!veritas!hoptoad!snark
sneaky, telehack!adaptex!cpe!sneaky
snidely, telehack!janus!hacgate!wlbr!snidely
snitor, telehack!oracle!sequent!torsqnt!snitor
sobeco, telehack!janus!uunet!sobeco
softest, telehack!janus!uunet!stonewr!softest
soil, telehack!oddjob!rutgers!princeton!soil
sol, telehack!oddjob!nucsrl!sol
soledad, telehack!mimsy!ames!ucsd!soledad
soma, telehack!oddjob!rutgers!bcm!soma
sonyd1, telehack!tandem!zorch!hico2!sonyd1
sonyusa, telehack!oracle!decwrl!sonyusa
sorak, telehack!janus!uunet!sorak
sorl01, telehack!janus!uunet!cdin-1!sorl01
soul, telehack!oddjob!sunloop!sunpeaks!soul
sp7040, telehack!oracle!sequent!sp7040
spatial, telehack!oddjob!ncar!spatial
spca6, telehack!oracle!pyramid!uccba!spca6
spdcc, telehack!veritas!ardent!spdcc
spdyne, telehack!janus!uunet!spdyne
spencer, telehack!oracle!apple!m-net!clif!spencer
sphinx, telehack!oddjob!gargoyle!sphinx
sphl01, telehack!janus!uunet!cdin-1!sphl01
sphl02, telehack!janus!uunet!cdin-1!sphl02
sphl03, telehack!janus!uunet!cdin-1!sphl03
sphl04, telehack!janus!uunet!cdin-1!sphl04
spies, telehack!tandem!zorch!spies
spiff, telehack!janus!uunet!oeo2!spiff
spirit, telehack!mimsy!ames!sharkey!spirit
spked, telehack!oracle!pacbell!sactoh0!spked
spl1, telehack!oddjob!clout!spl1
splut, telehack!janus!uunet!sugar!splut
spock, telehack!oracle!decwrl!spock
spool, telehack!janus!uunet!spool
spsd, telehack!janus!uunet!spsd
spt, telehack!oddjob!rutgers!mit-eddie!spt
spudnut, telehack!oddjob!rutgers!okstate!romed!spudnut
spycal, telehack!oracle!anvil!harvard!pixel!spycal
srcsip, telehack!oddjob!rutgers!umn-cs!srcsip
srea01, telehack!janus!uunet!cdin-1!srea01
srea02, telehack!janus!uunet!cdin-1!srea01!srea02
srea03, telehack!janus!uunet!cdin-1!srea01!srea03
srea04, telehack!janus!uunet!cdin-1!srea01!srea04
srea05, telehack!janus!uunet!cdin-1!srea01!srea05
srea06, telehack!janus!uunet!cdin-1!srea01!srea06
srea07, telehack!janus!uunet!cdin-1!srea01!srea07
srea08, telehack!janus!uunet!cdin-1!srea01!srea08
srea09, telehack!janus!uunet!cdin-1!srea01!srea09
srea10, telehack!janus!uunet!cdin-1!srea01!srea10
srhqla, telehack!janus!hacgate!srhqla
sri-unix, telehack!oracle!hplabs!sri-unix
ssbell, telehack!janus!uunet!ssbell
ssbn, telehack!oracle!anvil!att!ssbn
ssc, telehack!adaptex!fnx!pilchuck!ssc
ssc-vax, telehack!janus!uunet!wor-mein!ssc-vax
ssfo01, telehack!janus!uunet!cdin-1!ssfo01
ssi, telehack!janus!uunet!ssi
ssi3b1, telehack!mimsy!rayssd!galaxia!ssi3b1
ssui01, telehack!janus!uunet!cdin-1!ssui01
stag, telehack!oddjob!rutgers!crash!stag
starfire, telehack!oddjob!rutgers!umn-cs!starfire
starnet, telehack!veritas!amdahl!starnet
starnine, telehack!janus!uunet!starnine
statsci, telehack!janus!uunet!statsci
stb, telehack!adaptex!sco!lawnet!stb
stcvax, telehack!oddjob!ncar!stcvax
stdoil, telehack!adaptex!ninja!smu!stdoil
stech, telehack!oracle!decwrl!allegra!stech
steggie, telehack!emds!sgi!steggie
stellar, telehack!janus!uunet!stellar
step, telehack!veritas!amd!step
stephsf, telehack!janus!uunet!stephsf
stiatl, telehack!mimsy!widener!emory!stiatl
stmvax, telehack!janus!hacgate!stmvax
stonewr, telehack!janus!uunet!stonewr
stpl, telehack!oracle!sequent!torsqnt!stpl
stratsft, telehack!oracle!pyramid!teemc!claxen!stratsft
stratus, telehack!veritas!oliveb!stratus
stre01, telehack!janus!uunet!cdin-1!ki4pv!stre01
sts, telehack!veritas!excelan!sjsumcs!sts
style, telehack!janus!uunet!sq!style
sugar, telehack!janus!uunet!sugar
sun, telehack!veritas!hoptoad!sun
sunarch, telehack!oddjob!sunloop!sunarch
sunatl, telehack!mimsy!widener!emory!sunatl
sunbim, telehack!janus!uunet!munnari!prlb2!sunbim
sunbird, telehack!oddjob!sunloop!sunbird
sunburn, telehack!janus!uunet!syntllct!sunburn
sundc, telehack!mimsy!anagld!sundc
suneast, telehack!veritas!amd!ima!suneast
suned1, telehack!janus!hacgate!elroy!suned1
sunkist, telehack!janus!uunet!whitney!sunkist
sunloop, telehack!oddjob!sunloop
sunne, telehack!janus!uunet!tegra!sunne
sunpeaks, telehack!oddjob!sunloop!sunpeaks
sunrise, telehack!oracle!anvil!att!sunrise
sunrock, telehack!oddjob!rutgers!rochester!sunrock
suntalk, telehack!oddjob!nucsrl!sol!suntalk
suntan, telehack!janus!uunet!calmasd!suntan
suntri, telehack!mimsy!anagld!sundc!suntri
sunvalley, telehack!oddjob!sunloop!sunvalley
sunybcs, telehack!oracle!hplabs!kitty!sunybcs
super, telehack!janus!uunet!super
surfsoft, telehack!janus!uunet!surfsoft
sw1a7, telehack!oracle!apple!m-net!sw1a7
swamps, telehack!janus!uunet!sisd!kodak!swamps
swatsun, telehack!oddjob!rutgers!bpa!swatsun
swbatl, telehack!janus!uunet!swbatl
swlabs, telehack!janus!uunet!swlabs
swri14be, telehack!adaptex!utacfd!texsun!swrinde!swri14be
swrinde, telehack!adaptex!utacfd!texsun!swrinde
swsrv1, telehack!adaptex!letni!swsrv1
sx1100, telehack!janus!uunet!s5000!sx1100
sybase, telehack!rdlvax!mtxinu!sybase
sylvan, telehack!janus!uunet!rosevax!elric!sylvan
synchro, telehack!janus!uunet!synchro
synergy, telehack!oracle!hplabs!decvax!synergy
synopsys, telehack!tandem!mips!synopsys
syntllct, telehack!janus!uunet!syntllct
sysadm, telehack!janus!uunet!sysadm
sysadmin, telehack!tandem!sysadmin
sysger, telehack!adaptex!cpe!sysger
tahoe, telehack!veritas!hoptoad!otto!tahoe
tahoma, telehack!janus!uunet!bcstec!tahoma
tai, telehack!oddjob!clout!tai
talaris, telehack!oracle!hplabs!csun!talaris
tandem, telehack!tandem
taniwha, telehack!rdlvax!mtxinu!taniwha
tao, telehack!adaptex!egsner!tao
tapa, telehack!janus!uunet!bartek1!tapa
tarkus, telehack!oddjob!clout!tarkus
tarpit, telehack!janus!uunet!tarpit
tate, telehack!oracle!anvil!uupsi!tate
tau-ceti, telehack!veritas!oliveb!isc-br!tau-ceti
tbomb, telehack!mimsy!widener!heifetz!tbomb
tci, telehack!janus!uunet!tci
tcsc3b2, telehack!mimsy!wb3ffv!tcsc3b2
tct, telehack!janus!uunet!pdn!tct
td2cad, telehack!veritas!hoptoad!td2cad
tdat, telehack!janus!hacgate!tdat
tdmecr, telehack!oddjob!rutgers!rel!tdmecr
tdmfed, telehack!tandem!tdmfed
tdmnj, telehack!tandem!tdmfed!tdmnj
tdmuscs2, telehack!tandem!rtech!halley!tdmuscs2
teaser, telehack!janus!uunet!teaser
techbook, telehack!oracle!sequent!techbook
technix, telehack!janus!uunet!csinc!haapi!technix
techsup, telehack!adaptex!cpe!techsup
teda, telehack!oracle!decwrl!teda
teemc, telehack!oracle!pyramid!teemc
tegra, telehack!janus!uunet!tegra
tekbspa, telehack!veritas!oliveb!tekbspa
tektronix, telehack!janus!uunet!tektronix
telcom, telehack!oddjob!rutgers!telcom
telcomm, telehack!janus!hacgate!gryphon!telcomm
telebit, telehack!janus!uunet!telebit
telesci, telehack!oddjob!rutgers!telcom!telesci
telesoft, telehack!janus!uunet!telesoft
telesys, telehack!janus!uunet!serene!telesys
telly, telehack!janus!uunet!sobeco!telly
temvax, telehack!oddjob!rutgers!bpa!temvax
terminator, telehack!mimsy!ames!sharkey!terminator
terrapn, telehack!janus!uunet!terrapn
tessi, telehack!oracle!sequent!tessi
texbell, telehack!adaptex!cpe!merch!texbell
textware, telehack!veritas!ardent!spdcc!textware
tfd, telehack!mimsy!anagld!sundc!tfd
tfpbbs, telehack!mimsy!nmrdc1!frmug!jup!tfpbbs
tgate, telehack!janus!uunet!moe!tgate
tgs, telehack!adaptex!sco!lpi!tgs
thehulk, telehack!janus!uunet!thehulk
theseas, %no path to host
think, telehack!mimsy!ames!think
thirdi, telehack!oracle!pyramid!thirdi
thnkpos, telehack!janus!uunet!dptspd!thnkpos
ti-csl, telehack!adaptex!ninja!smu!ti-csl
tiamat, telehack!janus!uunet!tiamat
tinton, telehack!janus!uunet!masscomp!tinton
titn, telehack!veritas!amdahl!dlb!titn
tlc, telehack!veritas!amdahl!key!tlc
tls, telehack!adaptex!sco!scocan!tls
tlxprs, telehack!mimsy!prometheus!vsedev!tlxprs
tmpmbx, telehack!oracle!pyramid!tmpmbx
tmsoft, telehack!janus!uunet!dptcdc!tmsoft
tokugowa, telehack!janus!uunet!hcx1!rama!tokugowa
tolerant, telehack!veritas!procase!tolerant
torag, telehack!janus!uunet!mnetor!aimed!torag
torsqnt, telehack!oracle!sequent!torsqnt
toto, telehack!oddjob!rutgers!crash!toto
tots, telehack!mimsy!ames!ucsd!tots
towers, telehack!janus!uunet!uniops!towers
trac2000, telehack!janus!uunet!trac2000
tredysvr, telehack!oddjob!rutgers!cbmvax!tredysvr
tricom, telehack!janus!uunet!spool!tricom
tridom, telehack!mimsy!widener!emory!tridom
trigraph, telehack!janus!uunet!sq!trigraph
trilby, telehack!janus!hacgate!edsews!trilby
trillium, telehack!oracle!decwrl!shell!ut-emx!trillium
trinet, telehack!oracle!sequent!torsqnt!problem!trinet
trixie, telehack!janus!uunet!capital!gould!trixie
tron, telehack!janus!uunet!tron
tronsbox, telehack!janus!uunet!tronsbox
tropix, telehack!oddjob!rutgers!rochester!tropix
trotter, telehack!rdlvax!ttidca!philabs!trotter
trsvax, telehack!adaptex!utacfd!trsvax
trwind, telehack!janus!hacgate!trwind
trwrb, telehack!janus!hacgate!cadovax!trwrb
trwrc, telehack!tandem!mips!chip!trwrc
trwspp, telehack!rdlvax!randvax!vortex!trwspp
trystro, telehack!mimsy!ames!think!trystro
tscs, telehack!veritas!hoptoad!daver!tscs
tsdiag, telehack!tandem!zorch!hico2!tsdiag
tsltor, telehack!veritas!hoptoad!saxony!itcyyz!tsltor
tslwat, telehack!oracle!decwrl!looking!tslwat
ttidca, telehack!rdlvax!ttidca
ttisms, telehack!mimsy!ames!ucsd!ttisms
tts, telehack!janus!uunet!sch!tts
ttsi, telehack!janus!uunet!ttsi
tub, telehack!oracle!pyramid!tub
tulsix, telehack!janus!uunet!drd!tulsix
tumuc, telehack!oracle!pyramid!tub!unido!tumuc
tundra, telehack!oddjob!sunloop!tundra
turtlevax, telehack!oracle!hplabs!turtlevax
tusun2, telehack!janus!uunet!apctrc!tusun2
tvcent, telehack!janus!uunet!dptcdc!becker!tvcent
twinsun, telehack!janus!uunet!twinsun
twwells, telehack!oracle!decwrl!twwells
txsil, telehack!adaptex!letni!txsil
tygra, telehack!mimsy!ames!sharkey!tygra
tymix, telehack!veritas!oliveb!tymix
u36, telehack!tandem!netcomsv!express!mks!u36
uahcs1, telehack!janus!uunet!ingr!uahcs1
uakari, telehack!mimsy!aplcen!uakari
ub, telehack!oddjob!rutgers!ub
ub4b, telehack!janus!uunet!munnari!mcsun!ub4b
ubbs-nh, telehack!oracle!hplabs!decvax!ubbs-nh
ucbvax, telehack!oracle!hplabs!ucbvax
uccba, telehack!oracle!pyramid!uccba
ucdavis, telehack!oracle!apple!umt!ucdavis
ucf-cs, telehack!veritas!hoptoad!peora!ucf-cs
uchdcc, %no path to host
uci, telehack!janus!uunet!csinc!haapi!uci
uci-ics, telehack!janus!uunet!cwi!uci-ics
ucivax, telehack!janus!uunet!cwi!ucivax
ucla-an, telehack!rdlvax!randvax!ucla-an
ucla-cs, telehack!oracle!hplabs!ucbvax!ucla-cs
ucla-se, telehack!adaptex!sco!lcc!ucla-se
ucla-seas, telehack!adaptex!sco!lcc!ucla-seas
uclachem, telehack!oddjob!ncar!cepu!uclachem
uclfynu, telehack!janus!uunet!ukc!cernvax!uclfynu
ucmsa, telehack!janus!uunet!dptspd!ephsa!ucmsa
ucmsj, telehack!veritas!procase!voder!ucmsj
ucqais, telehack!oracle!pyramid!uccba!ucqais
ucrmath, telehack!mimsy!ames!ucsd!ucrmath
ucsbcsl, telehack!janus!uunet!dsisba!ucsbcsl
ucscc, telehack!adaptex!sco!ucscc
ucsd, telehack!mimsy!ames!ucsd
ucsdhub, telehack!mimsy!ames!ucsd!ucsdhub
ucsfcgl, telehack!veritas!hoptoad!ucsfcgl
ucsfmis, telehack!oracle!pacbell!ucsfmis
udc, telehack!veritas!amd!milano!udc
udcps3, telehack!janus!uunet!ncrlnk!wright!udcps3
udel, telehack!oddjob!rutgers!cbmvax!udel
udiego, telehack!tandem!mips!chip!udiego
uecok, telehack!janus!uunet!uecok
uflorida, telehack!mimsy!aplcen!uakari!uflorida
ufrmsa1, telehack!janus!uunet!shannon!olsa99!ufrmsa1
ugc, telehack!oracle!decwrl!alberta!ugc
ugn, telehack!oracle!sequent!upba!ugn
uhasun, telehack!janus!uunet!pwa-b!mstr!uhasun
uhccux, telehack!janus!hacgate!pegasus!kumu!uhccux
uhnix1, telehack!oracle!decwrl!shell!uhnix1
ui3, telehack!janus!uunet!iscuva!ui3
uiucdcs, telehack!oddjob!rutgers!uiucdcs
uiucuxc, telehack!janus!hacgate!uiucuxc
uka, telehack!oracle!pyramid!ecrcvax!uka
ukc, telehack!janus!uunet!ukc
ukma, telehack!oddjob!rutgers!ukma
ulowell, telehack!janus!uunet!tegra!ulowell
ultra, telehack!mimsy!ames!ultra
umcc, telehack!mimsy!ames!sharkey!dexter!umcc
umich, telehack!mimsy!ames!sharkey!umich
umix, telehack!mimsy!ames!sharkey!umix
umn-cs, telehack!oddjob!rutgers!umn-cs
umt, telehack!oracle!apple!umt
unc, telehack!oddjob!rutgers!mcnc!unc
unccvax, telehack!oddjob!rutgers!mcnc!unccvax
undeed, telehack!janus!uunet!nuustak!quagga!undeed
unet, telehack!veritas!oliveb!unet
unf7, telehack!mimsy!aplcen!uakari!uflorida!unf7
unh, telehack!janus!uunet!unh
unhd, telehack!janus!uunet!unhd
unhtel, telehack!janus!uunet!unh!unhtel
uni4um, telehack!tandem!xopusw!uni4um
unibase, telehack!janus!uunet!sobeco!unibase
unicom, telehack!tandem!zorch!unicom
unicon, telehack!oracle!hplabs!felix!unicon
unido, telehack!oracle!pyramid!tub!unido
unidot, telehack!adaptex!sco!unidot
unify, telehack!oracle!sequent!unify
unimtl, telehack!janus!uunet!iros1!unimtl
uniol, telehack!oracle!pyramid!tub!unido!uniol
unisoft, telehack!veritas!hoptoad!unisoft
united, telehack!janus!uunet!sq!hybrid!united
unixprt, telehack!veritas!amdahl!unixprt
unizh, telehack!janus!uunet!ukc!cernvax!unizh
unmvax, telehack!mimsy!aplcen!uakari!unmvax
unocss, telehack!oracle!sequent!upba!unocss
unr, telehack!janus!uunet!unr
unrvax, telehack!janus!uunet!unrvax
unsvax, telehack!janus!uunet!unsvax
unx-pc, telehack!janus!uunet!coplex!unx-pc
uokmax, telehack!oddjob!rutgers!okstate!uokmax
uop, telehack!oracle!apple!cheers!uop
uoregon, telehack!tandem!mips!uoregon
uotcsi2, %no path to host
upaya, telehack!oracle!apple!panix!upaya
upba, telehack!oracle!sequent!upba
uplherc, telehack!oracle!sequent!sp7040!uplherc
uport, telehack!janus!uunet!uport
upose, telehack!mimsy!ames!sharkey!upose
ur-cc, telehack!oddjob!rutgers!rochester!ur-cc
ur-valhalla, telehack!oddjob!rutgers!rochester!ur-valhalla
urartu, telehack!mimsy!ames!think!urartu
usenix, telehack!oracle!hplabs!usenix
usfvax2, telehack!janus!uunet!pdn!usfvax2
usl, telehack!veritas!excelan!microsoft!usl
usource, telehack!tandem!netcomsv!usource
uswat, telehack!veritas!amdahl!uswat
ut-emx, telehack!oracle!decwrl!shell!ut-emx
utacfd, telehack!adaptex!utacfd
utah-cs, telehack!oracle!hplabs!utah-cs
utah-gr, telehack!oracle!hplabs!utah-cs!utah-gr
utah-muddy, telehack!oracle!hplabs!utah-cs!utah-muddy
utah-sp, telehack!oracle!hplabs!utah-cs!utah-sp
utah-ug, telehack!oracle!hplabs!utah-cs!utah-ug
utanes, telehack!janus!uunet!dptspd!utanes
utastro, telehack!veritas!amd!milano!utastro
utdoe, telehack!veritas!hoptoad!utzoo!utdoe
utgard, telehack!oracle!pacbell!sactoh0!utgard
util20, telehack!oddjob!rutgers!devon!util20
utoday, telehack!janus!uunet!utoday
utzoo, telehack!veritas!hoptoad!utzoo
uudell, telehack!adaptex!sco!uudell
uumind, telehack!mimsy!widener!emory!uumind
uunet, telehack!janus!uunet
uupsi3, telehack!mimsy!rlgvax!uupsi3
uupsi4, telehack!adaptex!fnx!polari!uupsi4
uupsi8, telehack!mimsy!rlgvax!uupsi3!uupsi8
uuwest, telehack!mimsy!ames!uuwest
uvicctr, telehack!mimsy!ames!uw-beaver!uvicctr
uvm-gen, telehack!janus!uunet!uvm-gen
uw-apl, telehack!mimsy!ames!uw-beaver!uw-apl
uw-beaver, telehack!mimsy!ames!uw-beaver
uw-coco, telehack!adaptex!fnx!pilchuck!uw-coco
uw-entropy, telehack!mimsy!ames!uw-beaver!uw-entropy
uw-nsr, telehack!oracle!decwrl!lll-winken!uw-nsr
uw-warp, telehack!adaptex!fnx!polari!uw-warp
uwbln, telehack!oracle!pyramid!tub!uwbln
uwmcsd1, telehack!oracle!sequent!uwvax!uwmcsd1
uworld, telehack!janus!uunet!uworld
uwvax, telehack!oracle!sequent!uwvax
vader, telehack!veritas!hoptoad!snark!vader
val, telehack!janus!uunet!chinacat!val
valid, telehack!oracle!decwrl!valid
vamsf, telehack!oracle!pacbell!ctsj!vamsf
van-bc, telehack!tandem!mips!chip!van-bc
varian, telehack!oracle!pacbell!varian
vdbsan, telehack!mimsy!widener!gatech!vdbsan
vdelta, telehack!janus!uunet!vdelta
vdx, telehack!oracle!pyramid!vdx
vector, telehack!adaptex!letni!vector
vedge, telehack!oracle!hplabs!hp-pcd!vedge
vela, telehack!janus!uunet!micro!vela
verde, telehack!veritas!hoptoad!portal!carmel!verde
verdix, telehack!oracle!sequent!verdix
veritas, telehack!veritas
versatc, telehack!lscpdx!cadence!versatc
vicstoy, telehack!janus!uunet!tarpit!alfred!vicstoy
vijit, telehack!oddjob!clout!vijit
vine, telehack!mimsy!ames!vine
viper, telehack!oddjob!rutgers!mcdhup!viper
virgil, telehack!mimsy!ames!chrysanthemum!virgil
virgin, telehack!janus!uunet!virgin
virginia, telehack!janus!uunet!virginia
vis, telehack!mimsy!ames!ucsd!vis
vitanoc, telehack!oracle!decwrl!vitanoc
viusys, telehack!janus!uunet!viusys
vixie, telehack!veritas!hoptoad!vixie
vk2bea, telehack!mimsy!wb3ffv!vk2bea
voder, telehack!veritas!procase!voder
voodoo, telehack!janus!uunet!bcstec!voodoo
vortex, telehack!rdlvax!randvax!vortex
vpnet, telehack!oddjob!homebru!vpnet
vrdxhq, telehack!oracle!sequent!vrdxhq
vsedev, telehack!mimsy!prometheus!vsedev
vsi, telehack!janus!uunet!mtndew!vsi
vsi1, telehack!oracle!decwrl!vsi1
vta, telehack!mimsy!widener!emory!vta
vtserf, telehack!janus!uunet!vtserf
vu-vlsi, telehack!oddjob!rutgers!pyrnj!vu-vlsi
vub, telehack!janus!uunet!munnari!prlb2!vub
wa4mei, telehack!mimsy!widener!emory!wa4mei
wang, telehack!adaptex!sco!wang
wang7, telehack!veritas!amd!ima!wang7
wariat, telehack!oracle!pyramid!uccba!ncoast!wariat
wasatch, telehack!janus!uunet!pwa-b!wasatch
watcgl, telehack!emds!sgi!alias!imax!watcgl
watmath, telehack!janus!uunet!mnetor!watmath
watson, telehack!oddjob!rutgers!bcm!watson
wattres, telehack!adaptex!sco!wattres
waynar, telehack!tandem!mips!waynar
wb9rxw, telehack!adaptex!letni!wb9rxw
wd0gol, telehack!oddjob!rutgers!crash!orbit!wd0gol
wdl1, telehack!emds!sgi!wdl1
web, telehack!oracle!hplabs!cdp!web
websta, telehack!tandem!mips!elrond!websta
weitek, telehack!veritas!amd!weitek
well, telehack!oracle!hplabs!well
wells, telehack!janus!uunet!cdin-1!wells
westmark, telehack!oddjob!rutgers!westmark
westsci, telehack!oracle!bionet!westsci
wet, telehack!veritas!fugazi!wet
wetware, telehack!emds!sgi!wetware
wgc386, telehack!janus!uunet!ki!wgc386
whale, telehack!oddjob!rutgers!whale
wheaton, telehack!oracle!decwrl!ks25!wheaton
whitney, telehack!janus!uunet!whitney
whizz, telehack!oracle!pacbell!safari!whizz
whome, telehack!janus!uunet!dptcdc!lethe!whome
whooper, telehack!oracle!decwrl!shell!ut-emx!whooper
wicat, telehack!tandem!zorch!spies!wicat
widener, telehack!mimsy!widener
wierius, telehack!janus!uunet!serene!telesys!wierius
wiley, telehack!janus!uunet!wiley
will, telehack!oddjob!gargoyle!will
winfree, telehack!oracle!hplabs!hp-lsd!winfree
winnie, telehack!oddjob!rutgers!princeton!winnie
winston, telehack!adaptex!sco!dsw!winston
wisdom, telehack!janus!uunet!tronsbox!wisdom
wiskit, telehack!lscpdx!nosun!wiskit
wixer, telehack!janus!uunet!bigtex!helps!wixer
wizvax, telehack!oracle!decwrl!mdtv!wizvax
wjh12, telehack!veritas!amd!ima!wjh12
wjvax, telehack!oracle!pyramid!wjvax
wlbr, telehack!janus!hacgate!wlbr
wolv, telehack!mimsy!ames!sharkey!dexter!wolv
wolves, telehack!oddjob!rutgers!mcnc!wolves
woodowl, telehack!adaptex!fnx!dumbcat!woodowl
world, telehack!janus!uunet!world
wotan, telehack!tandem!mips!wotan
wraith, telehack!adaptex!egsner!oryxmv6!wraith
wrangler, telehack!tandem!zorch!hico2!wrangler
wright, telehack!janus!uunet!ncrlnk!wright
wrs, telehack!veritas!hoptoad!wrs
wsccs, telehack!oracle!sequent!unislc!myth!wsccs
wsu-cs, telehack!oddjob!rutgers!mailrus!wsu-cs
wuarchive, telehack!janus!uunet!wuarchive
wucs1, telehack!janus!uunet!wucs1
wuphys, telehack!veritas!hoptoad!plus5!wuphys
wupost, telehack!janus!uunet!swbatl!wupost
wuthel, telehack!rdlvax!mtxinu!kadmon!wuthel
wvus, telehack!janus!hacgate!elroy!wvus
wyn386, telehack!mimsy!ames!sharkey!wyn386
wyse, telehack!oracle!sequent!wyse
wyvern, telehack!mimsy!ames!chrysanthemum!wyvern
wzlr, telehack!oracle!hplabs!infmx!wzlr
xait, telehack!veritas!amd!ima!xait
xanadu, telehack!veritas!hoptoad!xanadu
xanth, telehack!veritas!hoptoad!xanth
xavax, telehack!janus!uunet!xavax
xdos, telehack!oracle!pyramid!xdos
xenon, telehack!janus!hacgate!srhqla!xenon
xilinx, telehack!janus!uunet!xilinx
xios, telehack!janus!uunet!uport!xios
xroads, telehack!oddjob!rutgers!crash!xroads
xrtll, telehack!janus!uunet!mnetor!yunexus!xrtll
xstor, telehack!oracle!decwrl!xstor
xyzoom, telehack!veritas!amdahl!netcom!xyzoom
xyzzy, telehack!janus!uunet!xyzzy
yale, telehack!veritas!amd!ima!yale
yang, telehack!adaptex!fnx!polari!uw-warp!yang
yarc, telehack!veritas!amd!yarc
yclept, telehack!oddjob!clout!yclept
yoyodyne, telehack!lscpdx!nosun!nwsp!yoyodyne
yunccn, telehack!oracle!hplabs!cdp!web!yunccn
yunexus, telehack!janus!uunet!mnetor!yunexus
z-code, telehack!janus!uunet!moon!z-code
zap, telehack!janus!uunet!sobeco!zap
zardoz, telehack!adaptex!letni!zardoz
zebra, telehack!oddjob!ncar!scicom!zebra
zehntel, telehack!veritas!hoptoad!zehntel
zeno, telehack!janus!uunet!digibd!zeno
zeus, telehack!oddjob!gargoyle!zeus
ziebmef, telehack!janus!uunet!dptcdc!ncrcan!ziebmef
zinn, telehack!tandem!mips!elrond!zinn
zorch, telehack!tandem!zorch
ztivax, telehack!oracle!pyramid!tub!unido!ztivax
zycad, telehack!tandem!netcomsv!zycad
zygot, telehack!oracle!apple!zygot
